id,dane_code,type_of_structure,year_of_incident,amount,source_id
1,54820,VIAS PUBLICAS,2024,1,37
2,05790,VIAS PUBLICAS,2024,1,37
3,05887,VIAS PUBLICAS,2024,1,37
4,76364,VIAS PUBLICAS,2024,1,37
5,05113,VIAS PUBLICAS,2024,1,37
6,05120,VIAS PUBLICAS,2024,1,37
7,05284,VIAS PUBLICAS,2024,1,37
8,27099,VIAS PUBLICAS,2024,1,37
9,05854,VIAS PUBLICAS,2024,1,37
10,27745,VIAS PUBLICAS,2024,1,37
11,76364,VIAS PUBLICAS,2024,1,37
12,05113,VIAS PUBLICAS,2024,2,37
13,50006,VIAS PUBLICAS,2024,1,37
14,05038,VIAS PUBLICAS,2024,1,37
15,95001,VIAS PUBLICAS,2024,1,37
16,50001,VIAS PUBLICAS,2024,1,37
17,05031,VIAS PUBLICAS,2024,1,37
18,27745,VIAS PUBLICAS,2024,1,37
19,05736,VIAS PUBLICAS,2024,1,37
20,05120,VIAS PUBLICAS,2024,1,37
21,05736,VIAS PUBLICAS,2024,1,37
22,05736,VIAS PUBLICAS,2024,1,37
23,05887,VIAS PUBLICAS,2023,1,37
24,50590,VIAS PUBLICAS,2023,1,37
25,50711,VIAS PUBLICAS,2023,1,37
26,27001,VIAS PUBLICAS,2023,2,37
27,05736,VIAS PUBLICAS,2023,1,37
28,05040,VIAS PUBLICAS,2023,1,37
29,05361,VIAS PUBLICAS,2023,1,37
30,50001,VIAS PUBLICAS,2023,1,37
31,05887,VIAS PUBLICAS,2023,1,37
32,05107,VIAS PUBLICAS,2023,1,37
33,27580,VIAS PUBLICAS,2023,1,37
34,27491,VIAS PUBLICAS,2023,1,37
35,05310,VIAS PUBLICAS,2023,1,37
36,27491,VIAS PUBLICAS,2023,1,37
37,76364,VIAS PUBLICAS,2022,1,37
38,13667,VIAS PUBLICAS,2022,1,37
39,13490,VIAS PUBLICAS,2022,1,37
40,13667,VIAS PUBLICAS,2022,1,37
41,76364,VIAS PUBLICAS,2022,1,37
42,08758,VIAS PUBLICAS,2022,1,37
43,13655,VIAS PUBLICAS,2022,1,37
44,47053,VIAS PUBLICAS,2022,1,37
45,47189,VIAS PUBLICAS,2022,1,37
46,47001,VIAS PUBLICAS,2022,1,37
47,70400,VIAS PUBLICAS,2022,1,37
48,13212,VIAS PUBLICAS,2022,1,37
49,70001,VIAS PUBLICAS,2022,1,37
50,70265,VIAS PUBLICAS,2022,1,37
51,47980,VIAS PUBLICAS,2022,1,37
52,70708,VIAS PUBLICAS,2022,1,37
53,70678,VIAS PUBLICAS,2022,1,37
54,70001,VIAS PUBLICAS,2022,1,37
55,70678,VIAS PUBLICAS,2022,1,37
56,13600,VIAS PUBLICAS,2022,1,37
57,70508,VIAS PUBLICAS,2022,1,37
58,05361,VIAS PUBLICAS,2022,1,37
59,70823,VIAS PUBLICAS,2022,1,37
60,54001,VIAS PUBLICAS,2022,1,37
61,05854,VIAS PUBLICAS,2022,1,37
62,47053,VIAS PUBLICAS,2022,1,37
63,47980,VIAS PUBLICAS,2022,1,37
64,47001,VIAS PUBLICAS,2022,1,37
65,05138,VIAS PUBLICAS,2022,1,37
66,05858,VIAS PUBLICAS,2022,1,37
67,27001,VIAS PUBLICAS,2022,1,37
68,05209,VIAS PUBLICAS,2022,1,37
69,18001,VIAS PUBLICAS,2022,1,37
70,70001,VIAS PUBLICAS,2022,1,37
71,13244,VIAS PUBLICAS,2022,1,37
72,70221,VIAS PUBLICAS,2022,1,37
73,70265,VIAS PUBLICAS,2022,1,37
74,70429,VIAS PUBLICAS,2022,1,37
75,70215,VIAS PUBLICAS,2022,1,37
76,05040,VIAS PUBLICAS,2022,1,37
77,05315,VIAS PUBLICAS,2022,1,37
78,05315,VIAS PUBLICAS,2022,1,37
79,20517,PUENTE,2022,1,37
80,54001,VIAS PUBLICAS,2022,1,37
81,68549,VIAS PUBLICAS,2022,1,37
82,47189,VIAS PUBLICAS,2022,1,37
83,47189,VIAS PUBLICAS,2022,1,37
84,95015,VIAS PUBLICAS,2022,1,37
85,76001,VIAS PUBLICAS,2022,1,37
86,70742,VIAS PUBLICAS,2022,1,37
87,76001,VIAS PUBLICAS,2022,1,37
88,76001,VIAS PUBLICAS,2022,1,37
89,50350,VIAS PUBLICAS,2022,1,37
90,19698,PUENTE,2021,1,37
91,76001,VIAS PUBLICAS,2021,1,37
92,81794,VIAS PUBLICAS,2021,1,37
93,05790,VIAS PUBLICAS,2020,1,37
94,17380,VIAS PUBLICAS,2020,1,37
95,18860,VIAS PUBLICAS,2020,1,37
96,18860,VIAS PUBLICAS,2020,2,37
97,81300,VIAS PUBLICAS,2020,1,37
98,19513,VIAS PUBLICAS,2020,1,37
99,76318,VIAS PUBLICAS,2020,1,37
100,95025,VIAS PUBLICAS,2020,1,37
101,19142,VIAS PUBLICAS,2020,1,37
102,25754,VIAS PUBLICAS,2020,1,37
103,81065,VIAS PUBLICAS,2020,1,37
104,76834,VIAS PUBLICAS,2020,2,37
105,81300,VIAS PUBLICAS,2020,1,37
106,63001,VIAS PUBLICAS,2020,1,37
107,81300,VIAS PUBLICAS,2020,1,37
108,11001,VIAS PUBLICAS,2020,1,37
109,86865,VIAS PUBLICAS,2020,1,37
110,18753,VIAS PUBLICAS,2020,1,37
111,19533,VIAS PUBLICAS,2020,1,37
112,86749,VIAS PUBLICAS,2020,1,37
113,95025,VIAS PUBLICAS,2020,1,37
114,27001,VIAS PUBLICAS,2020,1,37
115,05475,VIAS PUBLICAS,2020,1,37
116,81736,VIAS PUBLICAS,2020,1,37
117,54810,VIAS PUBLICAS,2020,1,37
118,25599,VIAS PUBLICAS,2020,1,37
119,76001,VIAS PUBLICAS,2020,1,37
120,86749,VIAS PUBLICAS,2020,1,37
121,54720,VIAS PUBLICAS,2020,1,37
122,13160,VIAS PUBLICAS,2020,1,37
123,05234,VIAS PUBLICAS,2020,1,37
124,18410,VIAS PUBLICAS,2020,1,37
125,52678,VIAS PUBLICAS,2020,1,37
126,81300,VIAS PUBLICAS,2020,1,37
127,81736,VIAS PUBLICAS,2020,1,37
128,95025,VIAS PUBLICAS,2020,1,37
129,19532,VIAS PUBLICAS,2020,1,37
130,50350,VIAS PUBLICAS,2020,1,37
131,76001,VIAS PUBLICAS,2020,1,37
132,19075,VIAS PUBLICAS,2020,1,37
133,27001,VIAS PUBLICAS,2020,1,37
134,52612,VIAS PUBLICAS,2020,1,37
135,54680,VIAS PUBLICAS,2020,1,37
136,81300,VIAS PUBLICAS,2020,1,37
137,11001,VIAS PUBLICAS,2020,1,37
138,27001,VIAS PUBLICAS,2020,1,37
139,19137,VIAS PUBLICAS,2020,1,37
140,11001,VIAS PUBLICAS,2020,1,37
141,05790,VIAS PUBLICAS,2020,1,37
142,27050,VIAS PUBLICAS,2020,1,37
143,19137,VIAS PUBLICAS,2020,1,37
144,23466,VIAS PUBLICAS,2020,1,37
145,23580,VIAS PUBLICAS,2020,1,37
146,19137,VIAS PUBLICAS,2020,1,37
147,81065,VIAS PUBLICAS,2020,1,37
148,19418,VIAS PUBLICAS,2020,1,37
149,54720,VIAS PUBLICAS,2020,1,37
150,76364,VIAS PUBLICAS,2020,1,37
151,54810,VIAS PUBLICAS,2020,1,37
152,76364,VIAS PUBLICAS,2020,1,37
153,76364,VIAS PUBLICAS,2020,1,37
154,05134,VIAS PUBLICAS,2020,1,37
155,17614,VIAS PUBLICAS,2020,1,37
156,76364,VIAS PUBLICAS,2020,1,37
157,95001,VIAS PUBLICAS,2020,1,37
158,19110,VIAS PUBLICAS,2020,1,37
159,81001,VIAS PUBLICAS,2020,1,37
160,81065,VIAS PUBLICAS,2020,1,37
161,27245,VIAS PUBLICAS,2020,1,37
162,05040,VIAS PUBLICAS,2020,1,37
163,81300,VIAS PUBLICAS,2020,1,37
164,81065,VIAS PUBLICAS,2020,1,37
165,95025,VIAS PUBLICAS,2020,1,37
166,54206,VIAS PUBLICAS,2020,1,37
167,73001,VIAS PUBLICAS,2020,1,37
168,95025,VIAS PUBLICAS,2020,1,37
169,95025,VIAS PUBLICAS,2020,1,37
170,18753,VIAS PUBLICAS,2020,1,37
171,95025,VIAS PUBLICAS,2020,1,37
172,81001,VIAS PUBLICAS,2020,1,37
173,95025,VIAS PUBLICAS,2020,1,37
174,81065,VIAS PUBLICAS,2020,1,37
175,81300,VIAS PUBLICAS,2020,1,37
176,95025,VIAS PUBLICAS,2020,1,37
177,81001,VIAS PUBLICAS,2020,1,37
178,05045,VIAS PUBLICAS,2020,1,37
179,81300,VIAS PUBLICAS,2020,1,37
180,05790,VIAS PUBLICAS,2020,1,37
181,52490,VIAS PUBLICAS,2020,1,37
182,81001,VIAS PUBLICAS,2020,1,37
183,27372,VIAS PUBLICAS,2020,1,37
184,76001,VIAS PUBLICAS,2019,1,37
185,19698,VIAS PUBLICAS,2019,1,37
186,76364,VIAS PUBLICAS,2019,1,37
187,81300,VIAS PUBLICAS,2019,1,37
188,76001,VIAS PUBLICAS,2019,1,37
189,20383,PUENTE,2018,1,37
190,20787,PUENTE,2018,1,37
191,85139,VIAS PUBLICAS,2018,1,37
192,76364,VIAS PUBLICAS,2018,1,37
193,20228,VIAS PUBLICAS,2018,1,37
194,20550,PUENTE,2018,1,37
195,95015,VIAS PUBLICAS,2017,1,37
196,95001,VIAS PUBLICAS,2017,1,37
197,20517,VIAS PUBLICAS,2017,1,37
198,11001,VIAS PUBLICAS,2017,1,37
199,81065,VIAS PUBLICAS,2016,1,37
200,54820,VIAS PUBLICAS,2016,1,37
201,81736,VIAS PUBLICAS,2016,1,37
202,85010,VIAS PUBLICAS,2016,1,37
203,81300,VIAS PUBLICAS,2016,1,37
204,20517,PUENTE,2016,1,37
205,05107,VIAS PUBLICAS,2015,1,37
206,44001,VIAS PUBLICAS,2015,1,37
207,95001,VIAS PUBLICAS,2015,1,37
208,05854,VIAS PUBLICAS,2015,1,37
209,19548,VIAS PUBLICAS,2015,1,37
210,41349,VIAS PUBLICAS,2015,1,37
211,50590,VIAS PUBLICAS,2015,1,37
212,50689,PUENTE,2015,1,37
213,50287,VIAS PUBLICAS,2015,1,37
214,19532,VIAS PUBLICAS,2015,1,37
215,54810,VIAS PUBLICAS,2015,1,37
216,76109,VIAS PUBLICAS,2015,1,37
217,19548,VIAS PUBLICAS,2015,1,37
218,52835,VIAS PUBLICAS,2015,1,37
219,50450,VIAS PUBLICAS,2015,1,37
220,19532,VIAS PUBLICAS,2015,1,37
221,52835,VIAS PUBLICAS,2015,1,37
222,19137,VIAS PUBLICAS,2014,1,37
223,19137,VIAS PUBLICAS,2014,1,37
224,05854,VIAS PUBLICAS,2014,1,37
225,52079,VIAS PUBLICAS,2014,1,37
226,86568,PUENTE,2014,1,37
227,86865,PUENTE,2014,1,37
228,50577,VIAS PUBLICAS,2014,1,37
229,05887,VIAS PUBLICAS,2014,1,37
230,81001,VIAS PUBLICAS,2014,1,37
231,11001,VIAS PUBLICAS,2014,1,37
232,81001,VIAS PUBLICAS,2014,1,37
233,86568,PUENTE,2014,1,37
234,19137,VIAS PUBLICAS,2014,1,37
235,11001,VIAS PUBLICAS,2014,1,37
236,05890,VIAS PUBLICAS,2014,1,37
237,05819,VIAS PUBLICAS,2014,1,37
238,52079,PUENTE,2014,1,37
239,95001,VIAS PUBLICAS,2014,1,37
240,50450,VIAS PUBLICAS,2014,1,37
241,81001,VIAS PUBLICAS,2014,1,37
242,50683,VIAS PUBLICAS,2014,1,37
243,05854,VIAS PUBLICAS,2014,1,37
244,91001,VIAS PUBLICAS,2014,1,37
245,52835,VIAS PUBLICAS,2014,1,37
246,86568,VIAS PUBLICAS,2014,1,37
247,19698,VIAS PUBLICAS,2014,1,37
248,91001,VIAS PUBLICAS,2014,1,37
249,81001,VIAS PUBLICAS,2014,1,37
250,81736,VIAS PUBLICAS,2014,1,37
251,52835,VIAS PUBLICAS,2014,1,37
252,05361,VIAS PUBLICAS,2013,1,37
253,05107,VIAS PUBLICAS,2013,1,37
254,44855,VIAS PUBLICAS,2013,1,37
255,52835,VIAS PUBLICAS,2013,1,37
256,52835,VIAS PUBLICAS,2013,1,37
257,52835,VIAS PUBLICAS,2013,1,37
258,19455,VIAS PUBLICAS,2013,1,37
259,81001,VIAS PUBLICAS,2013,1,37
260,76834,VIAS PUBLICAS,2013,1,37
261,41298,VIAS PUBLICAS,2013,1,37
262,19698,PUENTE,2013,1,37
263,44078,PUENTE,2013,1,37
264,19698,VIAS PUBLICAS,2013,1,37
265,41132,PUENTE,2013,1,37
266,19698,VIAS PUBLICAS,2013,1,37
267,05001,VIAS PUBLICAS,2013,1,37
268,54720,VIAS PUBLICAS,2013,1,37
269,68162,VIAS PUBLICAS,2013,1,37
270,54245,VIAS PUBLICAS,2013,1,37
271,19256,VIAS PUBLICAS,2013,1,37
272,81794,VIAS PUBLICAS,2013,1,37
273,54245,VIAS PUBLICAS,2013,1,37
274,54206,VIAS PUBLICAS,2013,1,37
275,54206,VIAS PUBLICAS,2013,1,37
276,41298,PUENTE,2013,1,37
277,52835,VIAS PUBLICAS,2013,1,37
278,81065,VIAS PUBLICAS,2013,1,37
279,19142,VIAS PUBLICAS,2013,1,37
280,81794,VIAS PUBLICAS,2013,1,37
281,52835,VIAS PUBLICAS,2013,1,37
282,19050,VIAS PUBLICAS,2013,1,37
283,19256,VIAS PUBLICAS,2013,1,37
284,19809,PUENTE,2013,1,37
285,54250,VIAS PUBLICAS,2013,1,37
286,54250,VIAS PUBLICAS,2013,1,37
287,81065,VIAS PUBLICAS,2013,1,37
288,81736,VIAS PUBLICAS,2013,1,37
289,54206,VIAS PUBLICAS,2013,1,37
290,19318,VIAS PUBLICAS,2012,1,37
291,76364,VIAS PUBLICAS,2012,1,37
292,41001,VIAS PUBLICAS,2012,1,37
293,05736,VIAS PUBLICAS,2012,1,37
294,52354,VIAS PUBLICAS,2012,1,37
295,05686,VIAS PUBLICAS,2012,1,37
296,52835,VIAS PUBLICAS,2012,1,37
297,76563,VIAS PUBLICAS,2012,1,37
298,05628,VIAS PUBLICAS,2012,1,37
299,76233,VIAS PUBLICAS,2012,1,37
300,81736,VIAS PUBLICAS,2012,1,37
301,81736,VIAS PUBLICAS,2012,1,37
302,05361,VIAS PUBLICAS,2012,1,37
303,19532,VIAS PUBLICAS,2012,1,37
304,05647,VIAS PUBLICAS,2012,1,37
305,76001,VIAS PUBLICAS,2012,1,37
306,76109,VIAS PUBLICAS,2012,1,37
307,73168,VIAS PUBLICAS,2012,1,37
308,52835,VIAS PUBLICAS,2012,1,37
309,52835,VIAS PUBLICAS,2012,1,37
310,52835,VIAS PUBLICAS,2012,1,37
311,19548,PUENTE,2012,1,37
312,05234,VIAS PUBLICAS,2012,1,37
313,05647,VIAS PUBLICAS,2012,1,37
314,81794,VIAS PUBLICAS,2012,1,37
315,76001,VIAS PUBLICAS,2012,1,37
316,52835,VIAS PUBLICAS,2012,1,37
317,18592,PUENTE,2012,2,37
318,52390,VIAS PUBLICAS,2012,1,37
319,05819,VIAS PUBLICAS,2012,1,37
320,05736,VIAS PUBLICAS,2012,1,37
321,52678,VIAS PUBLICAS,2012,1,37
322,50001,VIAS PUBLICAS,2012,1,37
323,52612,VIAS PUBLICAS,2012,1,37
324,19137,PUENTE,2012,1,37
325,19698,PUENTE,2012,1,37
326,50001,VIAS PUBLICAS,2012,1,37
327,05790,VIAS PUBLICAS,2012,1,37
328,52621,VIAS PUBLICAS,2012,1,37
329,52835,VIAS PUBLICAS,2012,1,37
330,05361,VIAS PUBLICAS,2012,1,37
331,76001,VIAS PUBLICAS,2012,1,37
332,05628,PUENTE,2012,1,37
333,05854,VIAS PUBLICAS,2012,1,37
334,05854,VIAS PUBLICAS,2012,1,37
335,50590,VIAS PUBLICAS,2012,1,37
336,05895,VIAS PUBLICAS,2012,1,37
337,52585,VIAS PUBLICAS,2012,1,37
338,05895,VIAS PUBLICAS,2012,1,37
339,19212,VIAS PUBLICAS,2012,1,37
340,52678,VIAS PUBLICAS,2012,1,37
341,19212,VIAS PUBLICAS,2012,1,37
342,50711,VIAS PUBLICAS,2012,1,37
343,05001,VIAS PUBLICAS,2012,1,37
344,11001,VIAS PUBLICAS,2012,1,37
345,05361,VIAS PUBLICAS,2012,1,37
346,05107,VIAS PUBLICAS,2012,1,37
347,19001,VIAS PUBLICAS,2012,1,37
348,05315,VIAS PUBLICAS,2012,1,37
349,19256,VIAS PUBLICAS,2012,1,37
350,05107,VIAS PUBLICAS,2012,1,37
351,05495,VIAS PUBLICAS,2012,1,37
352,19050,VIAS PUBLICAS,2012,1,37
353,52838,VIAS PUBLICAS,2012,1,37
354,05790,VIAS PUBLICAS,2012,1,37
355,50370,VIAS PUBLICAS,2012,1,37
356,76233,VIAS PUBLICAS,2012,1,37
357,05854,VIAS PUBLICAS,2012,1,37
358,05790,VIAS PUBLICAS,2012,1,37
359,05790,VIAS PUBLICAS,2012,1,37
360,19137,VIAS PUBLICAS,2012,1,37
361,52079,VIAS PUBLICAS,2012,1,37
362,52678,VIAS PUBLICAS,2012,1,37
363,19212,VIAS PUBLICAS,2012,1,37
364,19212,VIAS PUBLICAS,2012,1,37
365,76001,VIAS PUBLICAS,2012,1,37
366,50400,VIAS PUBLICAS,2012,1,37
367,19050,VIAS PUBLICAS,2012,1,37
368,05819,VIAS PUBLICAS,2012,1,37
369,05361,VIAS PUBLICAS,2012,1,37
370,05361,VIAS PUBLICAS,2012,1,37
371,50251,VIAS PUBLICAS,2012,1,37
372,05736,VIAS PUBLICAS,2012,1,37
373,05790,VIAS PUBLICAS,2012,1,37
374,54250,VIAS PUBLICAS,2012,1,37
375,54810,VIAS PUBLICAS,2012,1,37
376,05040,VIAS PUBLICAS,2011,1,37
377,05893,VIAS PUBLICAS,2011,1,37
378,05854,VIAS PUBLICAS,2011,1,37
379,05854,VIAS PUBLICAS,2011,1,37
380,73555,VIAS PUBLICAS,2011,1,37
381,05615,VIAS PUBLICAS,2011,1,37
382,50001,VIAS PUBLICAS,2011,2,37
383,05190,VIAS PUBLICAS,2011,1,37
384,05361,VIAS PUBLICAS,2011,1,37
385,05854,VIAS PUBLICAS,2011,1,37
386,05154,VIAS PUBLICAS,2011,1,37
387,05887,VIAS PUBLICAS,2011,1,37
388,05819,VIAS PUBLICAS,2011,1,37
389,05040,VIAS PUBLICAS,2011,1,37
390,05647,VIAS PUBLICAS,2011,1,37
391,05887,VIAS PUBLICAS,2011,1,37
392,41001,VIAS PUBLICAS,2011,1,37
393,05686,VIAS PUBLICAS,2011,1,37
394,19001,VIAS PUBLICAS,2011,1,37
395,05120,VIAS PUBLICAS,2011,1,37
396,50711,VIAS PUBLICAS,2011,1,37
397,50001,VIAS PUBLICAS,2011,1,37
398,05042,VIAS PUBLICAS,2011,1,37
399,05647,VIAS PUBLICAS,2011,1,37
400,05361,VIAS PUBLICAS,2011,1,37
401,73168,VIAS PUBLICAS,2011,1,37
402,05001,VIAS PUBLICAS,2011,1,37
403,41001,VIAS PUBLICAS,2011,1,37
404,05819,VIAS PUBLICAS,2011,1,37
405,05315,VIAS PUBLICAS,2011,1,37
406,73168,VIAS PUBLICAS,2011,1,37
407,50711,VIAS PUBLICAS,2011,1,37
408,50001,VIAS PUBLICAS,2011,1,37
409,81794,VIAS PUBLICAS,2011,1,37
410,05315,PUENTE,2011,1,37
411,50330,VIAS PUBLICAS,2011,1,37
412,76001,VIAS PUBLICAS,2011,1,37
413,11001,VIAS PUBLICAS,2011,1,37
414,54670,VIAS PUBLICAS,2010,1,37
415,54670,VIAS PUBLICAS,2010,1,37
416,54206,VIAS PUBLICAS,2010,1,37
417,54810,PUENTE,2010,1,37
418,19300,VIAS PUBLICAS,2010,1,37
419,95001,VIAS PUBLICAS,2010,1,37
420,81794,VIAS PUBLICAS,2010,1,37
421,81736,VIAS PUBLICAS,2010,1,37
422,41357,VIAS PUBLICAS,2010,1,37
423,52001,VIAS PUBLICAS,2010,1,37
424,85001,VIAS PUBLICAS,2010,1,37
425,41078,VIAS PUBLICAS,2010,1,37
426,05154,VIAS PUBLICAS,2010,1,37
427,41001,VIAS PUBLICAS,2010,1,37
428,52683,VIAS PUBLICAS,2010,1,37
429,05819,VIAS PUBLICAS,2010,1,37
430,50711,VIAS PUBLICAS,2010,1,37
431,73168,VIAS PUBLICAS,2010,1,37
432,05040,VIAS PUBLICAS,2010,1,37
433,05040,VIAS PUBLICAS,2010,1,37
434,81736,VIAS PUBLICAS,2010,1,37
435,52678,VIAS PUBLICAS,2010,1,37
436,73555,VIAS PUBLICAS,2010,1,37
437,52678,VIAS PUBLICAS,2010,1,37
438,05854,VIAS PUBLICAS,2010,1,37
439,19001,VIAS PUBLICAS,2010,1,37
440,81794,VIAS PUBLICAS,2010,1,37
441,05315,VIAS PUBLICAS,2010,1,37
442,17001,VIAS PUBLICAS,2010,1,37
443,41001,VIAS PUBLICAS,2010,1,37
444,50370,VIAS PUBLICAS,2010,1,37
445,05819,VIAS PUBLICAS,2010,1,37
446,05790,VIAS PUBLICAS,2010,1,37
447,19318,VIAS PUBLICAS,2010,1,37
448,50711,VIAS PUBLICAS,2010,1,37
449,17001,VIAS PUBLICAS,2010,1,37
450,86571,VIAS PUBLICAS,2010,1,37
451,54206,VIAS PUBLICAS,2010,1,37
452,54344,VIAS PUBLICAS,2010,1,37
453,05154,VIAS PUBLICAS,2010,1,37
454,52250,VIAS PUBLICAS,2010,1,37
455,76109,VIAS PUBLICAS,2010,1,37
456,05154,VIAS PUBLICAS,2010,1,37
457,54250,VIAS PUBLICAS,2010,1,37
458,86571,VIAS PUBLICAS,2010,1,37
459,05315,VIAS PUBLICAS,2010,1,37
460,52678,VIAS PUBLICAS,2010,1,37
461,19698,VIAS PUBLICAS,2010,1,37
462,41001,VIAS PUBLICAS,2010,1,37
463,05001,VIAS PUBLICAS,2010,1,37
464,50590,VIAS PUBLICAS,2010,1,37
465,76109,VIAS PUBLICAS,2010,1,37
466,50683,VIAS PUBLICAS,2009,1,37
467,50577,VIAS PUBLICAS,2009,1,37
468,50370,VIAS PUBLICAS,2009,1,37
469,52678,VIAS PUBLICAS,2009,1,37
470,41524,VIAS PUBLICAS,2009,1,37
471,05154,VIAS PUBLICAS,2009,1,37
472,50590,VIAS PUBLICAS,2009,1,37
473,50370,VIAS PUBLICAS,2009,1,37
474,76109,VIAS PUBLICAS,2009,1,37
475,18753,VIAS PUBLICAS,2009,1,37
476,05120,VIAS PUBLICAS,2009,1,37
477,50711,VIAS PUBLICAS,2009,1,37
478,18460,VIAS PUBLICAS,2009,1,37
479,50683,VIAS PUBLICAS,2009,1,37
480,50370,VIAS PUBLICAS,2009,1,37
481,52565,VIAS PUBLICAS,2009,1,37
482,08001,VIAS PUBLICAS,2009,1,37
483,05120,VIAS PUBLICAS,2009,1,37
484,05790,VIAS PUBLICAS,2009,1,37
485,68101,VIAS PUBLICAS,2009,1,37
486,17662,VIAS PUBLICAS,2009,1,37
487,95001,VIAS PUBLICAS,2009,1,37
488,50330,VIAS PUBLICAS,2009,1,37
489,50590,VIAS PUBLICAS,2009,1,37
490,50711,VIAS PUBLICAS,2009,1,37
491,50370,VIAS PUBLICAS,2009,1,37
492,95200,VIAS PUBLICAS,2009,1,37
493,50330,VIAS PUBLICAS,2009,1,37
494,41001,VIAS PUBLICAS,2009,1,37
495,95015,VIAS PUBLICAS,2009,1,37
496,50711,VIAS PUBLICAS,2009,1,37
497,18150,VIAS PUBLICAS,2009,1,37
498,50711,VIAS PUBLICAS,2009,1,37
499,50711,VIAS PUBLICAS,2009,1,37
500,18256,VIAS PUBLICAS,2009,1,37
501,50711,VIAS PUBLICAS,2009,1,37
502,17174,VIAS PUBLICAS,2009,1,37
503,18150,VIAS PUBLICAS,2009,1,37
504,19548,VIAS PUBLICAS,2009,1,37
505,18753,VIAS PUBLICAS,2009,1,37
506,27001,VIAS PUBLICAS,2009,1,37
507,19130,VIAS PUBLICAS,2009,1,37
508,54810,PUENTE,2009,1,37
509,81794,VIAS PUBLICAS,2009,1,37
510,81794,VIAS PUBLICAS,2009,1,37
511,50711,VIAS PUBLICAS,2009,1,37
512,50330,VIAS PUBLICAS,2009,1,37
513,05854,VIAS PUBLICAS,2009,1,37
514,50001,VIAS PUBLICAS,2009,1,37
515,19142,VIAS PUBLICAS,2009,1,37
516,18150,VIAS PUBLICAS,2009,1,37
517,41001,VIAS PUBLICAS,2009,1,37
518,18610,VIAS PUBLICAS,2009,1,37
519,50711,VIAS PUBLICAS,2009,1,37
520,54344,VIAS PUBLICAS,2009,1,37
521,50370,VIAS PUBLICAS,2009,1,37
522,18150,VIAS PUBLICAS,2009,1,37
523,05660,VIAS PUBLICAS,2009,1,37
524,54206,VIAS PUBLICAS,2009,1,37
525,19050,VIAS PUBLICAS,2009,1,37
526,95200,VIAS PUBLICAS,2009,1,37
527,95001,VIAS PUBLICAS,2009,1,37
528,95001,VIAS PUBLICAS,2009,1,37
529,05361,VIAS PUBLICAS,2009,1,37
530,95200,VIAS PUBLICAS,2009,1,37
531,81736,VIAS PUBLICAS,2009,1,37
532,81736,VIAS PUBLICAS,2009,1,37
533,52621,VIAS PUBLICAS,2009,1,37
534,95200,VIAS PUBLICAS,2009,1,37
535,50350,VIAS PUBLICAS,2009,1,37
536,18001,VIAS PUBLICAS,2009,1,37
537,95200,VIAS PUBLICAS,2009,1,37
538,95015,VIAS PUBLICAS,2009,1,37
539,18592,VIAS PUBLICAS,2008,1,37
540,17174,VIAS PUBLICAS,2008,1,37
541,50350,VIAS PUBLICAS,2008,1,37
542,95001,PUENTE,2008,1,37
543,50590,VIAS PUBLICAS,2008,1,37
544,50370,VIAS PUBLICAS,2008,1,37
545,05854,VIAS PUBLICAS,2008,1,37
546,11001,VIAS PUBLICAS,2008,3,37
547,05313,VIAS PUBLICAS,2008,1,37
548,05790,VIAS PUBLICAS,2008,1,37
549,50577,VIAS PUBLICAS,2008,1,37
550,52612,VIAS PUBLICAS,2008,1,37
551,50330,VIAS PUBLICAS,2008,1,37
552,50370,VIAS PUBLICAS,2008,1,37
553,50330,VIAS PUBLICAS,2008,1,37
554,50370,VIAS PUBLICAS,2008,1,37
555,85001,VIAS PUBLICAS,2008,1,37
556,05361,VIAS PUBLICAS,2008,1,37
557,50350,VIAS PUBLICAS,2008,1,37
558,50711,VIAS PUBLICAS,2008,1,37
559,05361,VIAS PUBLICAS,2008,1,37
560,50683,VIAS PUBLICAS,2008,1,37
561,76109,VIAS PUBLICAS,2008,1,37
562,76109,VIAS PUBLICAS,2008,1,37
563,76109,VIAS PUBLICAS,2008,1,37
564,76109,VIAS PUBLICAS,2008,2,37
565,68001,VIAS PUBLICAS,2008,1,37
566,05854,VIAS PUBLICAS,2008,1,37
567,50001,VIAS PUBLICAS,2008,1,37
568,50711,VIAS PUBLICAS,2008,1,37
569,05040,VIAS PUBLICAS,2008,1,37
570,05790,VIAS PUBLICAS,2008,1,37
571,50711,VIAS PUBLICAS,2008,1,37
572,76109,VIAS PUBLICAS,2008,3,37
573,76109,VIAS PUBLICAS,2008,1,37
574,19130,VIAS PUBLICAS,2008,1,37
575,50590,VIAS PUBLICAS,2008,1,37
576,17013,VIAS PUBLICAS,2008,1,37
577,50330,VIAS PUBLICAS,2008,1,37
578,05040,VIAS PUBLICAS,2008,1,37
579,50330,VIAS PUBLICAS,2008,1,37
580,50330,VIAS PUBLICAS,2008,2,37
581,17001,VIAS PUBLICAS,2008,1,37
582,50330,VIAS PUBLICAS,2008,1,37
583,17541,VIAS PUBLICAS,2008,1,37
584,54810,PUENTE,2008,1,37
585,54810,PUENTE,2008,1,37
586,17653,VIAS PUBLICAS,2008,2,37
587,05647,VIAS PUBLICAS,2008,1,37
588,11001,VIAS PUBLICAS,2008,1,37
589,50711,VIAS PUBLICAS,2008,1,37
590,50590,VIAS PUBLICAS,2008,1,37
591,50330,VIAS PUBLICAS,2008,1,37
592,50330,VIAS PUBLICAS,2008,1,37
593,50330,VIAS PUBLICAS,2008,1,37
594,05887,VIAS PUBLICAS,2008,1,37
595,50330,VIAS PUBLICAS,2008,1,37
596,50001,VIAS PUBLICAS,2008,1,37
597,50370,VIAS PUBLICAS,2008,1,37
598,50370,VIAS PUBLICAS,2008,1,37
599,11001,VIAS PUBLICAS,2008,1,37
600,05854,VIAS PUBLICAS,2008,1,37
601,50370,VIAS PUBLICAS,2008,1,37
602,50590,VIAS PUBLICAS,2008,1,37
603,05854,VIAS PUBLICAS,2008,1,37
604,05495,VIAS PUBLICAS,2008,1,37
605,41524,VIAS PUBLICAS,2008,1,37
606,50001,VIAS PUBLICAS,2008,1,37
607,50330,VIAS PUBLICAS,2008,1,37
608,50330,VIAS PUBLICAS,2008,1,37
609,05887,VIAS PUBLICAS,2008,1,37
610,50330,VIAS PUBLICAS,2008,2,37
611,05790,VIAS PUBLICAS,2008,1,37
612,05854,VIAS PUBLICAS,2008,1,37
613,50590,VIAS PUBLICAS,2008,1,37
614,50330,VIAS PUBLICAS,2008,1,37
615,50711,VIAS PUBLICAS,2008,1,37
616,17662,VIAS PUBLICAS,2008,1,37
617,11001,VIAS PUBLICAS,2008,1,37
618,05361,VIAS PUBLICAS,2008,1,37
619,50350,VIAS PUBLICAS,2008,1,37
620,50001,VIAS PUBLICAS,2008,1,37
621,50711,VIAS PUBLICAS,2007,1,37
622,05134,VIAS PUBLICAS,2007,1,37
623,41001,VIAS PUBLICAS,2007,1,37
624,05040,VIAS PUBLICAS,2007,1,37
625,41551,VIAS PUBLICAS,2007,1,37
626,05134,VIAS PUBLICAS,2007,1,37
627,50001,VIAS PUBLICAS,2007,1,37
628,76109,VIAS PUBLICAS,2007,2,37
629,76109,VIAS PUBLICAS,2007,1,37
630,18460,VIAS PUBLICAS,2007,1,37
631,17662,VIAS PUBLICAS,2007,1,37
632,68001,VIAS PUBLICAS,2007,1,37
633,41001,VIAS PUBLICAS,2007,1,37
634,11001,VIAS PUBLICAS,2007,1,37
635,11001,VIAS PUBLICAS,2007,1,37
636,50370,VIAS PUBLICAS,2007,1,37
637,11001,VIAS PUBLICAS,2007,1,37
638,47001,VIAS PUBLICAS,2007,1,37
639,47001,VIAS PUBLICAS,2007,1,37
640,11001,VIAS PUBLICAS,2007,1,37
641,41001,VIAS PUBLICAS,2007,1,37
642,41001,VIAS PUBLICAS,2007,1,37
643,05361,VIAS PUBLICAS,2007,1,37
644,76109,VIAS PUBLICAS,2007,1,37
645,76109,VIAS PUBLICAS,2007,3,37
646,05001,VIAS PUBLICAS,2007,1,37
647,52079,VIAS PUBLICAS,2007,1,37
648,05001,VIAS PUBLICAS,2007,1,37
649,50711,VIAS PUBLICAS,2007,1,37
650,41001,VIAS PUBLICAS,2007,1,37
651,50350,VIAS PUBLICAS,2007,1,37
652,11001,VIAS PUBLICAS,2007,1,37
653,50001,VIAS PUBLICAS,2007,1,37
654,08001,VIAS PUBLICAS,2007,1,37
655,17662,VIAS PUBLICAS,2007,1,37
656,50606,VIAS PUBLICAS,2007,1,37
657,17662,VIAS PUBLICAS,2007,1,37
658,76109,VIAS PUBLICAS,2007,1,37
659,76109,VIAS PUBLICAS,2007,1,37
660,50001,VIAS PUBLICAS,2007,1,37
661,76109,VIAS PUBLICAS,2007,1,37
662,05667,VIAS PUBLICAS,2007,1,37
663,41001,VIAS PUBLICAS,2007,1,37
664,05134,VIAS PUBLICAS,2007,1,37
665,18150,VIAS PUBLICAS,2007,1,37
666,18753,VIAS PUBLICAS,2007,1,37
667,54670,VIAS PUBLICAS,2007,1,37
668,52612,VIAS PUBLICAS,2007,1,37
669,86001,VIAS PUBLICAS,2007,1,37
670,50590,VIAS PUBLICAS,2007,1,37
671,17662,VIAS PUBLICAS,2007,1,37
672,41020,VIAS PUBLICAS,2006,1,37
673,17001,VIAS PUBLICAS,2006,1,37
674,50001,VIAS PUBLICAS,2006,1,37
675,18460,VIAS PUBLICAS,2006,1,37
676,63001,VIAS PUBLICAS,2006,1,37
677,66001,VIAS PUBLICAS,2006,1,37
678,76001,VIAS PUBLICAS,2006,2,37
679,76001,VIAS PUBLICAS,2006,1,37
680,41001,VIAS PUBLICAS,2006,1,37
681,76001,VIAS PUBLICAS,2006,3,37
682,41001,VIAS PUBLICAS,2006,1,37
683,54673,PUENTE,2006,1,37
684,76001,VIAS PUBLICAS,2006,4,37
685,76001,VIAS PUBLICAS,2006,1,37
686,54810,VIAS PUBLICAS,2006,1,37
687,50251,VIAS PUBLICAS,2006,1,37
688,68655,VIAS PUBLICAS,2006,2,37
689,25845,PUENTE,2006,1,37
690,17446,VIAS PUBLICAS,2006,1,37
691,76109,VIAS PUBLICAS,2006,1,37
692,50001,VIAS PUBLICAS,2006,1,37
693,76109,VIAS PUBLICAS,2006,1,37
694,50711,VIAS PUBLICAS,2006,1,37
695,54810,PUENTE,2006,1,37
696,76001,VIAS PUBLICAS,2006,1,37
697,50001,VIAS PUBLICAS,2006,1,37
698,54405,VIAS PUBLICAS,2006,1,37
699,76109,VIAS PUBLICAS,2006,1,37
700,17662,VIAS PUBLICAS,2006,2,37
701,18256,VIAS PUBLICAS,2006,1,37
702,50711,VIAS PUBLICAS,2006,1,37
703,18753,VIAS PUBLICAS,2006,1,37
704,18753,VIAS PUBLICAS,2006,1,37
705,50711,VIAS PUBLICAS,2006,1,37
706,50350,VIAS PUBLICAS,2006,1,37
707,05031,VIAS PUBLICAS,2006,1,37
708,17446,VIAS PUBLICAS,2006,1,37
709,76109,VIAS PUBLICAS,2006,1,37
710,76109,VIAS PUBLICAS,2006,1,37
711,76520,VIAS PUBLICAS,2006,1,37
712,76892,VIAS PUBLICAS,2006,1,37
713,17433,VIAS PUBLICAS,2006,1,37
714,17662,VIAS PUBLICAS,2006,1,37
715,41359,VIAS PUBLICAS,2006,1,37
716,17541,VIAS PUBLICAS,2006,1,37
717,18410,VIAS PUBLICAS,2006,1,37
718,54344,VIAS PUBLICAS,2006,1,37
719,76275,VIAS PUBLICAS,2006,1,37
720,17662,VIAS PUBLICAS,2006,1,37
721,81794,VIAS PUBLICAS,2006,1,37
722,73616,VIAS PUBLICAS,2006,1,37
723,17486,VIAS PUBLICAS,2006,1,37
724,18256,VIAS PUBLICAS,2006,1,37
725,50711,VIAS PUBLICAS,2006,1,37
726,50711,VIAS PUBLICAS,2006,1,37
727,76109,VIAS PUBLICAS,2006,1,37
728,76109,VIAS PUBLICAS,2006,1,37
729,05604,VIAS PUBLICAS,2006,1,37
730,50711,VIAS PUBLICAS,2006,1,37
731,54720,VIAS PUBLICAS,2006,1,37
732,19698,VIAS PUBLICAS,2006,1,37
733,17662,VIAS PUBLICAS,2006,1,37
734,54109,VIAS PUBLICAS,2006,1,37
735,52835,VIAS PUBLICAS,2006,1,37
736,50590,VIAS PUBLICAS,2006,1,37
737,68547,VIAS PUBLICAS,2006,1,37
738,54810,VIAS PUBLICAS,2006,1,37
739,17662,VIAS PUBLICAS,2006,2,37
740,52001,VIAS PUBLICAS,2006,1,37
741,52356,VIAS PUBLICAS,2006,1,37
742,41001,VIAS PUBLICAS,2006,1,37
743,50711,VIAS PUBLICAS,2006,1,37
744,05134,VIAS PUBLICAS,2006,1,37
745,05887,VIAS PUBLICAS,2006,1,37
746,68081,VIAS PUBLICAS,2006,1,37
747,76001,VIAS PUBLICAS,2006,1,37
748,19130,VIAS PUBLICAS,2006,1,37
749,19137,PUENTE,2006,1,37
750,50683,VIAS PUBLICAS,2006,1,37
751,50568,VIAS PUBLICAS,2006,1,37
752,50590,VIAS PUBLICAS,2006,1,37
753,52079,VIAS PUBLICAS,2006,1,37
754,50590,VIAS PUBLICAS,2006,1,37
755,50568,VIAS PUBLICAS,2006,1,37
756,76109,VIAS PUBLICAS,2006,1,37
757,81794,VIAS PUBLICAS,2006,1,37
758,73226,VIAS PUBLICAS,2006,1,37
759,76109,VIAS PUBLICAS,2006,1,37
760,85010,VIAS PUBLICAS,2006,1,37
761,50568,VIAS PUBLICAS,2006,1,37
762,17614,VIAS PUBLICAS,2006,1,37
763,50001,VIAS PUBLICAS,2006,1,37
764,86320,PUENTE,2006,1,37
765,76109,VIAS PUBLICAS,2006,1,37
766,52786,VIAS PUBLICAS,2006,1,37
767,76109,VIAS PUBLICAS,2006,1,37
768,76109,VIAS PUBLICAS,2006,3,37
769,76109,VIAS PUBLICAS,2006,2,37
770,50568,VIAS PUBLICAS,2006,1,37
771,54001,VIAS PUBLICAS,2006,1,37
772,50711,VIAS PUBLICAS,2006,1,37
773,54405,VIAS PUBLICAS,2006,1,37
774,76275,VIAS PUBLICAS,2006,1,37
775,50711,VIAS PUBLICAS,2006,1,37
776,54344,VIAS PUBLICAS,2006,1,37
777,11001,VIAS PUBLICAS,2006,1,37
778,11001,VIAS PUBLICAS,2006,1,37
779,73001,VIAS PUBLICAS,2006,1,37
780,50683,VIAS PUBLICAS,2006,1,37
781,52356,VIAS PUBLICAS,2006,1,37
782,05895,VIAS PUBLICAS,2006,1,37
783,05649,VIAS PUBLICAS,2006,1,37
784,05890,VIAS PUBLICAS,2006,1,37
785,76111,VIAS PUBLICAS,2006,1,37
786,05895,VIAS PUBLICAS,2006,1,37
787,05134,VIAS PUBLICAS,2006,1,37
788,05134,VIAS PUBLICAS,2006,1,37
789,05483,VIAS PUBLICAS,2006,1,37
790,50590,VIAS PUBLICAS,2006,1,37
791,54498,VIAS PUBLICAS,2006,1,37
792,73001,VIAS PUBLICAS,2006,1,37
793,05660,VIAS PUBLICAS,2006,1,37
794,05660,VIAS PUBLICAS,2006,1,37
795,76275,VIAS PUBLICAS,2006,1,37
796,81591,VIAS PUBLICAS,2006,1,37
797,50370,VIAS PUBLICAS,2006,1,37
798,52079,VIAS PUBLICAS,2006,1,37
799,54810,PUENTE,2006,1,37
800,81065,VIAS PUBLICAS,2006,2,37
801,11001,VIAS PUBLICAS,2006,1,37
802,73124,VIAS PUBLICAS,2006,1,37
803,50711,VIAS PUBLICAS,2006,1,37
804,81300,VIAS PUBLICAS,2006,1,37
805,17446,PUENTE,2006,1,37
806,05887,VIAS PUBLICAS,2006,2,37
807,17662,PUENTE,2006,1,37
808,50683,VIAS PUBLICAS,2006,1,37
809,54001,VIAS PUBLICAS,2006,1,37
810,81065,VIAS PUBLICAS,2006,1,37
811,41306,VIAS PUBLICAS,2006,1,37
812,50683,VIAS PUBLICAS,2006,1,37
813,81794,VIAS PUBLICAS,2006,1,37
814,50251,VIAS PUBLICAS,2006,1,37
815,50370,VIAS PUBLICAS,2006,1,37
816,50683,VIAS PUBLICAS,2006,1,37
817,68081,VIAS PUBLICAS,2006,1,37
818,50683,VIAS PUBLICAS,2006,1,37
819,50711,VIAS PUBLICAS,2006,1,37
820,81065,VIAS PUBLICAS,2006,1,37
821,50568,VIAS PUBLICAS,2006,1,37
822,81065,VIAS PUBLICAS,2006,1,37
823,50577,VIAS PUBLICAS,2006,1,37
824,50683,VIAS PUBLICAS,2006,1,37
825,50683,VIAS PUBLICAS,2006,1,37
826,52250,PUENTE,2006,1,37
827,86568,VIAS PUBLICAS,2006,1,37
828,50683,VIAS PUBLICAS,2006,1,37
829,05055,VIAS PUBLICAS,2006,1,37
830,81591,VIAS PUBLICAS,2006,1,37
831,86865,VIAS PUBLICAS,2006,2,37
832,11001,VIAS PUBLICAS,2006,1,37
833,05667,VIAS PUBLICAS,2006,1,37
834,41020,VIAS PUBLICAS,2006,4,37
835,08001,VIAS PUBLICAS,2006,1,37
836,76520,VIAS PUBLICAS,2006,1,37
837,11001,VIAS PUBLICAS,2006,1,37
838,05756,VIAS PUBLICAS,2006,1,37
839,81065,VIAS PUBLICAS,2006,1,37
840,50711,VIAS PUBLICAS,2006,1,37
841,86568,PUENTE,2006,1,37
842,86757,PUENTE,2006,1,37
843,50711,VIAS PUBLICAS,2006,1,37
844,15720,PUENTE,2006,1,37
845,50711,VIAS PUBLICAS,2006,1,37
846,05002,VIAS PUBLICAS,2006,1,37
847,86757,VIAS PUBLICAS,2006,1,37
848,68397,VIAS PUBLICAS,2005,1,37
849,81001,VIAS PUBLICAS,2005,1,37
850,81001,VIAS PUBLICAS,2005,1,37
851,81065,VIAS PUBLICAS,2005,1,37
852,81001,PUENTE,2005,1,37
853,54001,VIAS PUBLICAS,2005,1,37
854,81794,PUENTE,2005,1,37
855,54810,PUENTE,2005,2,37
856,54810,PUENTE,2005,1,37
857,05756,VIAS PUBLICAS,2005,1,37
858,05313,VIAS PUBLICAS,2005,1,37
859,13244,VIAS PUBLICAS,2005,1,37
860,05667,VIAS PUBLICAS,2005,1,37
861,50683,VIAS PUBLICAS,2005,1,37
862,05055,VIAS PUBLICAS,2005,1,37
863,08296,VIAS PUBLICAS,2005,1,37
864,76126,VIAS PUBLICAS,2005,1,37
865,54810,PUENTE,2005,1,37
866,05483,VIAS PUBLICAS,2005,1,37
867,05002,VIAS PUBLICAS,2005,1,37
868,68468,VIAS PUBLICAS,2005,1,37
869,05756,VIAS PUBLICAS,2005,1,37
870,05652,VIAS PUBLICAS,2005,1,37
871,50711,VIAS PUBLICAS,2005,1,37
872,05756,VIAS PUBLICAS,2005,1,37
873,86757,VIAS PUBLICAS,2005,1,37
874,54518,VIAS PUBLICAS,2005,1,37
875,81065,VIAS PUBLICAS,2005,1,37
876,81065,VIAS PUBLICAS,2005,1,37
877,05400,VIAS PUBLICAS,2005,1,37
878,81794,PUENTE,2005,1,37
879,81794,VIAS PUBLICAS,2005,1,37
880,81001,VIAS PUBLICAS,2005,1,37
881,11001,VIAS PUBLICAS,2005,1,37
882,50711,VIAS PUBLICAS,2005,1,37
883,63001,VIAS PUBLICAS,2005,1,37
884,05055,VIAS PUBLICAS,2005,1,37
885,41020,PUENTE,2005,1,37
886,81001,PUENTE,2005,1,37
887,25320,PUENTE,2005,1,37
888,81794,VIAS PUBLICAS,2005,1,37
889,52678,VIAS PUBLICAS,2005,1,37
890,05361,VIAS PUBLICAS,2005,1,37
891,54810,PUENTE,2005,1,37
892,54001,VIAS PUBLICAS,2005,1,37
893,50683,VIAS PUBLICAS,2005,1,37
894,63130,VIAS PUBLICAS,2005,1,37
895,05040,VIAS PUBLICAS,2005,1,37
896,76233,VIAS PUBLICAS,2005,1,37
897,25524,PUENTE,2005,1,37
898,18247,VIAS PUBLICAS,2005,1,37
899,05361,VIAS PUBLICAS,2005,1,37
900,05197,VIAS PUBLICAS,2005,1,37
901,81794,VIAS PUBLICAS,2005,1,37
902,81794,VIAS PUBLICAS,2005,1,37
903,81736,VIAS PUBLICAS,2005,1,37
904,50370,VIAS PUBLICAS,2005,1,37
905,18410,VIAS PUBLICAS,2005,1,37
906,18150,VIAS PUBLICAS,2005,1,37
907,81001,VIAS PUBLICAS,2005,1,37
908,50711,VIAS PUBLICAS,2005,1,37
909,81001,VIAS PUBLICAS,2005,3,37
910,08001,VIAS PUBLICAS,2005,1,37
911,08433,VIAS PUBLICAS,2005,1,37
912,05313,VIAS PUBLICAS,2005,1,37
913,81794,VIAS PUBLICAS,2005,1,37
914,86885,PUENTE,2005,1,37
915,18001,VIAS PUBLICAS,2005,1,37
916,05055,VIAS PUBLICAS,2005,1,37
917,50711,VIAS PUBLICAS,2005,1,37
918,05197,VIAS PUBLICAS,2005,1,37
919,18460,VIAS PUBLICAS,2005,1,37
920,41001,VIAS PUBLICAS,2005,1,37
921,18256,VIAS PUBLICAS,2005,1,37
922,86568,VIAS PUBLICAS,2005,1,37
923,05667,VIAS PUBLICAS,2005,1,37
924,50711,VIAS PUBLICAS,2005,1,37
925,81736,VIAS PUBLICAS,2005,1,37
926,05310,VIAS PUBLICAS,2005,1,37
927,50711,VIAS PUBLICAS,2005,1,37
928,11001,VIAS PUBLICAS,2005,1,37
929,18592,VIAS PUBLICAS,2005,1,37
930,18256,VIAS PUBLICAS,2005,1,37
931,18256,VIAS PUBLICAS,2005,1,37
932,05649,VIAS PUBLICAS,2005,1,37
933,13001,VIAS PUBLICAS,2005,1,37
934,50450,PUENTE,2005,1,37
935,50400,VIAS PUBLICAS,2005,1,37
936,81065,VIAS PUBLICAS,2005,1,37
937,50683,VIAS PUBLICAS,2005,1,37
938,54810,VIAS PUBLICAS,2005,1,37
939,81736,VIAS PUBLICAS,2005,1,37
940,50711,VIAS PUBLICAS,2005,1,37
941,73001,VIAS PUBLICAS,2005,1,37
942,50711,VIAS PUBLICAS,2005,1,37
943,81736,VIAS PUBLICAS,2005,1,37
944,81065,VIAS PUBLICAS,2005,1,37
945,05361,VIAS PUBLICAS,2005,1,37
946,76001,VIAS PUBLICAS,2005,1,37
947,52612,VIAS PUBLICAS,2005,1,37
948,81001,VIAS PUBLICAS,2005,1,37
949,76109,VIAS PUBLICAS,2005,1,37
950,76109,VIAS PUBLICAS,2005,1,37
951,81001,VIAS PUBLICAS,2005,2,37
952,50711,VIAS PUBLICAS,2005,1,37
953,50400,VIAS PUBLICAS,2005,1,37
954,18785,VIAS PUBLICAS,2005,1,37
955,86757,VIAS PUBLICAS,2005,1,37
956,05480,VIAS PUBLICAS,2005,1,37
957,05790,VIAS PUBLICAS,2005,1,37
958,70508,VIAS PUBLICAS,2005,1,37
959,18001,PUENTE,2005,1,37
960,54810,PUENTE,2005,1,37
961,05055,VIAS PUBLICAS,2005,1,37
962,05652,VIAS PUBLICAS,2005,1,37
963,81736,VIAS PUBLICAS,2005,1,37
964,73168,VIAS PUBLICAS,2005,1,37
965,05360,VIAS PUBLICAS,2005,1,37
966,73001,VIAS PUBLICAS,2005,1,37
967,18001,PUENTE,2005,1,37
968,18001,PUENTE,2005,1,37
969,11001,PUENTE,2005,1,37
970,25506,VIAS PUBLICAS,2005,1,37
971,81736,VIAS PUBLICAS,2005,1,37
972,81736,VIAS PUBLICAS,2005,1,37
973,11001,VIAS PUBLICAS,2005,1,37
974,05055,VIAS PUBLICAS,2005,1,37
975,76001,VIAS PUBLICAS,2005,1,37
976,50251,VIAS PUBLICAS,2005,1,37
977,50590,VIAS PUBLICAS,2005,1,37
978,86865,VIAS PUBLICAS,2005,1,37
979,68406,VIAS PUBLICAS,2005,1,37
980,85315,VIAS PUBLICAS,2005,1,37
981,20001,VIAS PUBLICAS,2005,1,37
982,50313,VIAS PUBLICAS,2005,1,37
983,50590,VIAS PUBLICAS,2005,1,37
984,50330,VIAS PUBLICAS,2005,1,37
985,41306,VIAS PUBLICAS,2005,1,37
986,15183,VIAS PUBLICAS,2005,1,37
987,15183,VIAS PUBLICAS,2005,1,37
988,95200,VIAS PUBLICAS,2005,1,37
989,50568,VIAS PUBLICAS,2005,1,37
990,50683,VIAS PUBLICAS,2005,1,37
991,50313,VIAS PUBLICAS,2005,1,37
992,50590,VIAS PUBLICAS,2005,1,37
993,41006,VIAS PUBLICAS,2005,1,37
994,70508,VIAS PUBLICAS,2005,1,37
995,73624,VIAS PUBLICAS,2005,1,37
996,05660,VIAS PUBLICAS,2005,1,37
997,50683,VIAS PUBLICAS,2005,1,37
998,66440,VIAS PUBLICAS,2004,1,37
999,11001,VIAS PUBLICAS,2004,1,37
1000,05113,VIAS PUBLICAS,2004,1,37
1001,41001,VIAS PUBLICAS,2004,1,37
1002,41001,VIAS PUBLICAS,2004,1,37
1003,11001,VIAS PUBLICAS,2004,1,37
1004,18410,VIAS PUBLICAS,2004,1,37
1005,76863,VIAS PUBLICAS,2004,1,37
1006,52612,VIAS PUBLICAS,2004,1,37
1007,54001,VIAS PUBLICAS,2004,1,37
1008,19760,VIAS PUBLICAS,2004,1,37
1009,50568,VIAS PUBLICAS,2004,1,37
1010,81736,VIAS PUBLICAS,2004,1,37
1011,41801,VIAS PUBLICAS,2004,1,37
1012,19693,VIAS PUBLICAS,2004,1,37
1013,50683,VIAS PUBLICAS,2004,1,37
1014,50683,VIAS PUBLICAS,2004,1,37
1015,54250,VIAS PUBLICAS,2004,1,37
1016,81794,VIAS PUBLICAS,2004,1,37
1017,19693,VIAS PUBLICAS,2004,1,37
1018,05055,VIAS PUBLICAS,2004,1,37
1019,50683,VIAS PUBLICAS,2004,1,37
1020,25086,VIAS PUBLICAS,2004,1,37
1021,25086,VIAS PUBLICAS,2004,1,37
1022,05055,VIAS PUBLICAS,2004,1,37
1023,05361,VIAS PUBLICAS,2004,1,37
1024,25875,VIAS PUBLICAS,2004,1,37
1025,41001,VIAS PUBLICAS,2004,1,37
1026,52678,VIAS PUBLICAS,2004,1,37
1027,50683,VIAS PUBLICAS,2004,1,37
1028,05652,VIAS PUBLICAS,2004,1,37
1029,50001,VIAS PUBLICAS,2004,1,37
1030,70473,VIAS PUBLICAS,2004,1,37
1031,18753,VIAS PUBLICAS,2004,1,37
1032,05660,VIAS PUBLICAS,2004,1,37
1033,05483,VIAS PUBLICAS,2004,1,37
1034,18460,VIAS PUBLICAS,2004,1,37
1035,54001,PUENTE,2004,1,37
1036,05361,VIAS PUBLICAS,2004,1,37
1037,54385,VIAS PUBLICAS,2004,1,37
1038,15755,VIAS PUBLICAS,2004,1,37
1039,05652,VIAS PUBLICAS,2004,1,37
1040,05649,VIAS PUBLICAS,2004,1,37
1041,19760,VIAS PUBLICAS,2004,1,37
1042,41001,VIAS PUBLICAS,2004,1,37
1043,52678,VIAS PUBLICAS,2004,1,37
1044,05055,VIAS PUBLICAS,2004,1,37
1045,52001,VIAS PUBLICAS,2004,1,37
1046,54810,VIAS PUBLICAS,2004,1,37
1047,19001,VIAS PUBLICAS,2004,1,37
1048,50251,VIAS PUBLICAS,2004,1,37
1049,05055,VIAS PUBLICAS,2004,1,37
1050,70110,PUENTE,2004,1,37
1051,05361,VIAS PUBLICAS,2004,1,37
1052,86001,VIAS PUBLICAS,2004,1,37
1053,18410,VIAS PUBLICAS,2004,1,37
1054,18753,VIAS PUBLICAS,2004,1,37
1055,05042,VIAS PUBLICAS,2004,1,37
1056,73624,VIAS PUBLICAS,2004,1,37
1057,05038,VIAS PUBLICAS,2004,1,37
1058,05001,VIAS PUBLICAS,2004,1,37
1059,81736,VIAS PUBLICAS,2004,5,37
1060,41799,VIAS PUBLICAS,2004,1,37
1061,50270,VIAS PUBLICAS,2004,1,37
1062,81065,VIAS PUBLICAS,2004,1,37
1063,05001,VIAS PUBLICAS,2004,1,37
1064,54810,PUENTE,2004,2,37
1065,44001,VIAS PUBLICAS,2004,1,37
1066,50683,VIAS PUBLICAS,2004,1,37
1067,50370,VIAS PUBLICAS,2004,1,37
1068,63212,VIAS PUBLICAS,2004,1,37
1069,05652,VIAS PUBLICAS,2004,1,37
1070,44874,VIAS PUBLICAS,2004,2,37
1071,50577,VIAS PUBLICAS,2004,2,37
1072,05306,VIAS PUBLICAS,2004,1,37
1073,54250,VIAS PUBLICAS,2004,1,37
1074,05042,VIAS PUBLICAS,2004,1,37
1075,13244,VIAS PUBLICAS,2004,1,37
1076,05197,VIAS PUBLICAS,2004,1,37
1077,41349,VIAS PUBLICAS,2004,1,37
1078,86568,VIAS PUBLICAS,2004,1,37
1079,05001,VIAS PUBLICAS,2004,2,37
1080,50590,VIAS PUBLICAS,2004,1,37
1081,11001,VIAS PUBLICAS,2004,1,37
1082,05649,VIAS PUBLICAS,2004,1,37
1083,41020,VIAS PUBLICAS,2004,1,37
1084,52418,VIAS PUBLICAS,2004,1,37
1085,54001,VIAS PUBLICAS,2004,1,37
1086,54261,VIAS PUBLICAS,2004,1,37
1087,05001,PUENTE,2004,1,37
1088,18256,VIAS PUBLICAS,2004,1,37
1089,17662,VIAS PUBLICAS,2004,1,37
1090,05652,VIAS PUBLICAS,2004,1,37
1091,54810,VIAS PUBLICAS,2004,1,37
1092,18410,VIAS PUBLICAS,2004,1,37
1093,05652,VIAS PUBLICAS,2004,2,37
1094,05652,PUENTE,2004,1,37
1095,05756,VIAS PUBLICAS,2004,1,37
1096,54810,VIAS PUBLICAS,2004,1,37
1097,41078,VIAS PUBLICAS,2004,1,37
1098,11001,VIAS PUBLICAS,2004,1,37
1099,18001,VIAS PUBLICAS,2004,1,37
1100,05649,VIAS PUBLICAS,2004,1,37
1101,18205,VIAS PUBLICAS,2004,1,37
1102,18410,VIAS PUBLICAS,2004,1,37
1103,18001,VIAS PUBLICAS,2004,2,37
1104,18205,VIAS PUBLICAS,2004,1,37
1105,05652,VIAS PUBLICAS,2004,1,37
1106,18592,VIAS PUBLICAS,2004,1,37
1107,05660,VIAS PUBLICAS,2004,1,37
1108,05055,VIAS PUBLICAS,2004,1,37
1109,18860,VIAS PUBLICAS,2004,3,37
1110,76001,VIAS PUBLICAS,2004,1,37
1111,76001,VIAS PUBLICAS,2004,1,37
1112,18001,VIAS PUBLICAS,2004,1,37
1113,05055,VIAS PUBLICAS,2004,1,37
1114,17541,PUENTE,2004,1,37
1115,86757,PUENTE,2004,1,37
1116,05055,VIAS PUBLICAS,2004,1,37
1117,18410,VIAS PUBLICAS,2004,1,37
1118,47189,VIAS PUBLICAS,2004,1,37
1119,76001,VIAS PUBLICAS,2004,1,37
1120,50370,VIAS PUBLICAS,2004,6,37
1121,95015,VIAS PUBLICAS,2004,1,37
1122,50568,VIAS PUBLICAS,2004,1,37
1123,50683,VIAS PUBLICAS,2004,1,37
1124,76113,VIAS PUBLICAS,2004,1,37
1125,76001,VIAS PUBLICAS,2004,4,37
1126,19256,VIAS PUBLICAS,2004,1,37
1127,50683,VIAS PUBLICAS,2004,1,37
1128,25898,VIAS PUBLICAS,2004,1,37
1129,73124,VIAS PUBLICAS,2004,1,37
1130,18150,VIAS PUBLICAS,2004,1,37
1131,95015,VIAS PUBLICAS,2004,1,37
1132,50711,VIAS PUBLICAS,2004,1,37
1133,17001,VIAS PUBLICAS,2004,1,37
1134,05361,VIAS PUBLICAS,2004,1,37
1135,05361,VIAS PUBLICAS,2004,1,37
1136,05042,VIAS PUBLICAS,2004,1,37
1137,25898,VIAS PUBLICAS,2004,1,37
1138,41020,VIAS PUBLICAS,2004,1,37
1139,18592,VIAS PUBLICAS,2004,1,37
1140,50711,VIAS PUBLICAS,2004,1,37
1141,50711,VIAS PUBLICAS,2004,1,37
1142,76001,VIAS PUBLICAS,2004,1,37
1143,76001,VIAS PUBLICAS,2004,1,37
1144,81065,VIAS PUBLICAS,2004,1,37
1145,50270,VIAS PUBLICAS,2004,1,37
1146,86885,VIAS PUBLICAS,2004,1,37
1147,68307,VIAS PUBLICAS,2004,1,37
1148,18001,VIAS PUBLICAS,2004,1,37
1149,81065,VIAS PUBLICAS,2004,1,37
1150,18592,VIAS PUBLICAS,2004,1,37
1151,81794,VIAS PUBLICAS,2004,1,37
1152,54810,VIAS PUBLICAS,2004,1,37
1153,54810,VIAS PUBLICAS,2004,1,37
1154,68190,VIAS PUBLICAS,2004,1,37
1155,54810,VIAS PUBLICAS,2004,1,37
1156,54810,VIAS PUBLICAS,2004,1,37
1157,41551,VIAS PUBLICAS,2004,1,37
1158,50683,VIAS PUBLICAS,2004,1,37
1159,41799,VIAS PUBLICAS,2004,1,37
1160,95200,VIAS PUBLICAS,2004,1,37
1161,86320,VIAS PUBLICAS,2004,1,37
1162,68324,VIAS PUBLICAS,2004,2,37
1163,11001,VIAS PUBLICAS,2004,2,37
1164,41001,VIAS PUBLICAS,2004,1,37
1165,50711,VIAS PUBLICAS,2004,1,37
1166,05313,VIAS PUBLICAS,2004,1,37
1167,18410,VIAS PUBLICAS,2004,1,37
1168,50711,VIAS PUBLICAS,2004,1,37
1169,68001,VIAS PUBLICAS,2004,1,37
1170,15550,VIAS PUBLICAS,2004,1,37
1171,11001,VIAS PUBLICAS,2004,1,37
1172,50400,VIAS PUBLICAS,2004,1,37
1173,68250,VIAS PUBLICAS,2004,1,37
1174,15550,VIAS PUBLICAS,2004,1,37
1175,25299,VIAS PUBLICAS,2004,1,37
1176,15550,VIAS PUBLICAS,2004,1,37
1177,50711,VIAS PUBLICAS,2004,1,37
1178,20383,VIAS PUBLICAS,2004,1,37
1179,25867,VIAS PUBLICAS,2004,1,37
1180,41001,VIAS PUBLICAS,2004,1,37
1181,19256,VIAS PUBLICAS,2004,1,37
1182,05790,VIAS PUBLICAS,2004,1,37
1183,81065,VIAS PUBLICAS,2004,1,37
1184,50450,PUENTE,2004,1,37
1185,86569,VIAS PUBLICAS,2004,1,37
1186,68861,VIAS PUBLICAS,2004,1,37
1187,18785,VIAS PUBLICAS,2004,1,37
1188,41001,VIAS PUBLICAS,2004,1,37
1189,50683,VIAS PUBLICAS,2004,1,37
1190,50590,VIAS PUBLICAS,2004,1,37
1191,25483,VIAS PUBLICAS,2004,1,37
1192,52079,VIAS PUBLICAS,2004,1,37
1193,81065,VIAS PUBLICAS,2004,1,37
1194,85136,VIAS PUBLICAS,2004,1,37
1195,85315,VIAS PUBLICAS,2004,1,37
1196,18029,VIAS PUBLICAS,2004,1,37
1197,25867,PUENTE,2004,1,37
1198,81065,VIAS PUBLICAS,2004,1,37
1199,50573,VIAS PUBLICAS,2004,1,37
1200,81300,PUENTE,2004,1,37
1201,86865,VIAS PUBLICAS,2004,1,37
1202,15537,VIAS PUBLICAS,2004,1,37
1203,18256,VIAS PUBLICAS,2004,1,37
1204,41001,VIAS PUBLICAS,2004,2,37
1205,86001,PUENTE,2004,1,37
1206,86568,VIAS PUBLICAS,2004,1,37
1207,27787,VIAS PUBLICAS,2004,1,37
1208,81794,VIAS PUBLICAS,2004,1,37
1209,50450,VIAS PUBLICAS,2004,2,37
1210,13222,VIAS PUBLICAS,2004,1,37
1211,15550,VIAS PUBLICAS,2004,1,37
1212,41001,VIAS PUBLICAS,2004,1,37
1213,41020,VIAS PUBLICAS,2004,1,37
1214,81065,VIAS PUBLICAS,2004,1,37
1215,81065,VIAS PUBLICAS,2004,1,37
1216,50683,VIAS PUBLICAS,2004,1,37
1217,50001,VIAS PUBLICAS,2004,1,37
1218,81001,VIAS PUBLICAS,2003,1,37
1219,81736,VIAS PUBLICAS,2003,1,37
1220,05660,VIAS PUBLICAS,2003,1,37
1221,70204,VIAS PUBLICAS,2003,1,37
1222,97001,VIAS PUBLICAS,2003,1,37
1223,81065,VIAS PUBLICAS,2003,1,37
1224,81736,VIAS PUBLICAS,2003,1,37
1225,81065,VIAS PUBLICAS,2003,1,37
1226,81065,VIAS PUBLICAS,2003,1,37
1227,18150,VIAS PUBLICAS,2003,1,37
1228,95015,VIAS PUBLICAS,2003,1,37
1229,95015,VIAS PUBLICAS,2003,1,37
1230,85001,VIAS PUBLICAS,2003,1,37
1231,18150,VIAS PUBLICAS,2003,1,37
1232,86569,PUENTE,2003,1,37
1233,05361,VIAS PUBLICAS,2003,1,37
1234,81794,VIAS PUBLICAS,2003,1,37
1235,99001,VIAS PUBLICAS,2003,1,37
1236,19142,PUENTE,2003,1,37
1237,05001,VIAS PUBLICAS,2003,1,37
1238,86865,PUENTE,2003,2,37
1239,15667,VIAS PUBLICAS,2003,1,37
1240,76001,VIAS PUBLICAS,2003,1,37
1241,50350,VIAS PUBLICAS,2003,1,37
1242,18610,VIAS PUBLICAS,2003,1,37
1243,81065,VIAS PUBLICAS,2003,1,37
1244,18001,VIAS PUBLICAS,2003,1,37
1245,05361,VIAS PUBLICAS,2003,1,37
1246,05649,VIAS PUBLICAS,2003,1,37
1247,81736,VIAS PUBLICAS,2003,1,37
1248,76001,VIAS PUBLICAS,2003,2,37
1249,81736,VIAS PUBLICAS,2003,1,37
1250,66456,PUENTE,2003,1,37
1251,20001,PUENTE,2003,1,37
1252,95001,VIAS PUBLICAS,2003,1,37
1253,41078,VIAS PUBLICAS,2003,1,37
1254,52001,VIAS PUBLICAS,2003,1,37
1255,15425,VIAS PUBLICAS,2003,1,37
1256,85001,VIAS PUBLICAS,2003,1,37
1257,66318,VIAS PUBLICAS,2003,1,37
1258,73124,VIAS PUBLICAS,2003,2,37
1259,20001,PUENTE,2003,2,37
1260,18753,VIAS PUBLICAS,2003,1,37
1261,68190,VIAS PUBLICAS,2003,1,37
1262,54810,VIAS PUBLICAS,2003,1,37
1263,54001,VIAS PUBLICAS,2003,1,37
1264,41396,VIAS PUBLICAS,2003,1,37
1265,41020,VIAS PUBLICAS,2003,1,37
1266,73622,VIAS PUBLICAS,2003,1,37
1267,50683,PUENTE,2003,1,37
1268,54810,VIAS PUBLICAS,2003,1,37
1269,81736,VIAS PUBLICAS,2003,1,37
1270,54261,PUENTE,2003,1,37
1271,41770,VIAS PUBLICAS,2003,1,37
1272,18753,VIAS PUBLICAS,2003,1,37
1273,95015,VIAS PUBLICAS,2003,1,37
1274,54800,VIAS PUBLICAS,2003,1,37
1275,54800,VIAS PUBLICAS,2003,1,37
1276,05847,PUENTE,2003,1,37
1277,13052,VIAS PUBLICAS,2003,1,37
1278,95015,VIAS PUBLICAS,2003,1,37
1279,50450,VIAS PUBLICAS,2003,2,37
1280,18753,VIAS PUBLICAS,2003,1,37
1281,50251,VIAS PUBLICAS,2003,1,37
1282,13894,VIAS PUBLICAS,2003,1,37
1283,41001,VIAS PUBLICAS,2003,1,37
1284,05055,VIAS PUBLICAS,2003,1,37
1285,18001,VIAS PUBLICAS,2003,1,37
1286,95001,VIAS PUBLICAS,2003,1,37
1287,86573,VIAS PUBLICAS,2003,1,37
1288,05040,PUENTE,2003,1,37
1289,05150,PUENTE,2003,1,37
1290,05674,VIAS PUBLICAS,2003,1,37
1291,18001,VIAS PUBLICAS,2003,1,37
1292,05670,VIAS PUBLICAS,2003,1,37
1293,81065,VIAS PUBLICAS,2003,1,37
1294,05649,VIAS PUBLICAS,2003,1,37
1295,18410,VIAS PUBLICAS,2003,1,37
1296,18460,VIAS PUBLICAS,2003,1,37
1297,05649,VIAS PUBLICAS,2003,1,37
1298,81065,VIAS PUBLICAS,2003,1,37
1299,54810,VIAS PUBLICAS,2003,1,37
1300,50325,VIAS PUBLICAS,2003,1,37
1301,50001,VIAS PUBLICAS,2003,1,37
1302,15667,VIAS PUBLICAS,2003,1,37
1303,54800,VIAS PUBLICAS,2003,1,37
1304,18256,VIAS PUBLICAS,2003,1,37
1305,05361,VIAS PUBLICAS,2003,1,37
1306,95015,VIAS PUBLICAS,2003,1,37
1307,85279,VIAS PUBLICAS,2003,1,37
1308,20517,PUENTE,2003,3,37
1309,05652,VIAS PUBLICAS,2003,1,37
1310,81736,VIAS PUBLICAS,2003,2,37
1311,52540,PUENTE,2003,1,37
1312,54810,PUENTE,2003,1,37
1313,54810,PUENTE,2003,1,37
1314,81736,VIAS PUBLICAS,2003,1,37
1315,18001,VIAS PUBLICAS,2003,1,37
1316,05361,VIAS PUBLICAS,2003,1,37
1317,50590,VIAS PUBLICAS,2003,1,37
1318,05313,VIAS PUBLICAS,2003,1,37
1319,05313,VIAS PUBLICAS,2003,1,37
1320,52540,PUENTE,2003,1,37
1321,73411,VIAS PUBLICAS,2003,1,37
1322,81001,VIAS PUBLICAS,2003,1,37
1323,81065,VIAS PUBLICAS,2003,1,37
1324,81736,VIAS PUBLICAS,2003,2,37
1325,76892,VIAS PUBLICAS,2003,1,37
1326,81065,VIAS PUBLICAS,2003,1,37
1327,85001,VIAS PUBLICAS,2003,1,37
1328,05055,VIAS PUBLICAS,2003,1,37
1329,81065,VIAS PUBLICAS,2003,2,37
1330,25815,VIAS PUBLICAS,2003,1,37
1331,95001,PUENTE,2003,1,37
1332,73055,VIAS PUBLICAS,2003,1,37
1333,73055,VIAS PUBLICAS,2003,1,37
1334,25178,VIAS PUBLICAS,2003,1,37
1335,15755,VIAS PUBLICAS,2003,1,37
1336,18756,VIAS PUBLICAS,2003,1,37
1337,85250,PUENTE,2003,1,37
1338,41001,VIAS PUBLICAS,2003,1,37
1339,41001,VIAS PUBLICAS,2003,1,37
1340,41001,VIAS PUBLICAS,2003,1,37
1341,54670,VIAS PUBLICAS,2003,1,37
1342,81736,PUENTE,2003,1,37
1343,81794,VIAS PUBLICAS,2003,1,37
1344,25754,VIAS PUBLICAS,2003,1,37
1345,54874,VIAS PUBLICAS,2003,1,37
1346,81794,PUENTE,2003,1,37
1347,17495,VIAS PUBLICAS,2003,1,37
1348,81065,VIAS PUBLICAS,2003,1,37
1349,05125,VIAS PUBLICAS,2003,1,37
1350,05197,VIAS PUBLICAS,2003,1,37
1351,52540,PUENTE,2003,1,37
1352,05480,VIAS PUBLICAS,2003,1,37
1353,18756,VIAS PUBLICAS,2003,1,37
1354,81736,VIAS PUBLICAS,2003,1,37
1355,41132,VIAS PUBLICAS,2003,1,37
1356,05887,VIAS PUBLICAS,2003,1,37
1357,81736,VIAS PUBLICAS,2003,1,37
1358,81736,VIAS PUBLICAS,2003,1,37
1359,05649,VIAS PUBLICAS,2003,1,37
1360,41001,VIAS PUBLICAS,2003,1,37
1361,81300,PUENTE,2003,1,37
1362,81736,VIAS PUBLICAS,2003,1,37
1363,81736,VIAS PUBLICAS,2003,1,37
1364,11001,PUENTE,2003,1,37
1365,25290,VIAS PUBLICAS,2003,1,37
1366,05660,VIAS PUBLICAS,2003,1,37
1367,81736,PUENTE,2003,1,37
1368,44001,PUENTE,2003,1,37
1369,81065,VIAS PUBLICAS,2003,2,37
1370,85225,VIAS PUBLICAS,2003,1,37
1371,25320,VIAS PUBLICAS,2003,1,37
1372,76318,VIAS PUBLICAS,2003,1,37
1373,85279,VIAS PUBLICAS,2003,1,37
1374,73026,VIAS PUBLICAS,2003,1,37
1375,18256,VIAS PUBLICAS,2003,1,37
1376,81736,VIAS PUBLICAS,2003,1,37
1377,05887,VIAS PUBLICAS,2003,1,37
1378,81736,VIAS PUBLICAS,2003,2,37
1379,81736,VIAS PUBLICAS,2003,1,37
1380,86568,VIAS PUBLICAS,2003,1,37
1381,81736,VIAS PUBLICAS,2003,1,37
1382,25592,VIAS PUBLICAS,2003,1,37
1383,05483,VIAS PUBLICAS,2003,2,37
1384,05001,VIAS PUBLICAS,2003,1,37
1385,05649,VIAS PUBLICAS,2003,1,37
1386,05197,VIAS PUBLICAS,2003,2,37
1387,13894,VIAS PUBLICAS,2003,1,37
1388,25898,VIAS PUBLICAS,2003,1,37
1389,81065,VIAS PUBLICAS,2003,1,37
1390,05652,VIAS PUBLICAS,2003,1,37
1391,81736,VIAS PUBLICAS,2003,2,37
1392,18001,VIAS PUBLICAS,2003,1,37
1393,44420,VIAS PUBLICAS,2003,2,37
1394,05313,VIAS PUBLICAS,2003,1,37
1395,05890,VIAS PUBLICAS,2003,1,37
1396,13873,VIAS PUBLICAS,2003,1,37
1397,17001,VIAS PUBLICAS,2003,1,37
1398,05197,VIAS PUBLICAS,2003,1,37
1399,95015,VIAS PUBLICAS,2003,1,37
1400,81065,VIAS PUBLICAS,2003,1,37
1401,25394,VIAS PUBLICAS,2003,1,37
1402,11001,VIAS PUBLICAS,2003,1,37
1403,52405,VIAS PUBLICAS,2003,2,37
1404,41396,VIAS PUBLICAS,2003,1,37
1405,05667,VIAS PUBLICAS,2003,1,37
1406,52435,VIAS PUBLICAS,2003,1,37
1407,50350,VIAS PUBLICAS,2003,1,37
1408,41020,VIAS PUBLICAS,2003,1,37
1409,76275,VIAS PUBLICAS,2003,1,37
1410,76520,VIAS PUBLICAS,2003,1,37
1411,81736,VIAS PUBLICAS,2003,1,37
1412,50330,VIAS PUBLICAS,2003,1,37
1413,52233,VIAS PUBLICAS,2003,1,37
1414,05284,VIAS PUBLICAS,2003,1,37
1415,18001,VIAS PUBLICAS,2003,1,37
1416,52356,VIAS PUBLICAS,2003,1,37
1417,13244,VIAS PUBLICAS,2003,1,37
1418,18001,VIAS PUBLICAS,2003,1,37
1419,18753,VIAS PUBLICAS,2003,1,37
1420,81736,PUENTE,2003,1,37
1421,41006,VIAS PUBLICAS,2003,1,37
1422,05660,VIAS PUBLICAS,2003,1,37
1423,52001,VIAS PUBLICAS,2003,1,37
1424,81065,VIAS PUBLICAS,2003,1,37
1425,13894,VIAS PUBLICAS,2003,1,37
1426,05649,PUENTE,2003,1,37
1427,18001,PUENTE,2003,1,37
1428,25290,VIAS PUBLICAS,2003,1,37
1429,81736,PUENTE,2003,1,37
1430,81794,VIAS PUBLICAS,2003,1,37
1431,05038,VIAS PUBLICAS,2003,1,37
1432,73236,VIAS PUBLICAS,2003,1,37
1433,05660,VIAS PUBLICAS,2003,1,37
1434,81300,VIAS PUBLICAS,2003,1,37
1435,25662,VIAS PUBLICAS,2003,1,37
1436,41132,VIAS PUBLICAS,2003,1,37
1437,05134,VIAS PUBLICAS,2003,1,37
1438,15806,VIAS PUBLICAS,2003,1,37
1439,41001,VIAS PUBLICAS,2003,1,37
1440,18610,PUENTE,2003,1,37
1441,81736,VIAS PUBLICAS,2003,1,37
1442,54810,PUENTE,2003,1,37
1443,05001,VIAS PUBLICAS,2003,1,37
1444,05541,VIAS PUBLICAS,2003,1,37
1445,86001,VIAS PUBLICAS,2003,1,37
1446,05038,VIAS PUBLICAS,2003,1,37
1447,18592,VIAS PUBLICAS,2003,2,37
1448,81736,VIAS PUBLICAS,2003,1,37
1449,05660,VIAS PUBLICAS,2003,1,37
1450,54810,VIAS PUBLICAS,2003,1,37
1451,18753,VIAS PUBLICAS,2003,1,37
1452,54810,VIAS PUBLICAS,2003,1,37
1453,05660,VIAS PUBLICAS,2003,1,37
1454,18756,VIAS PUBLICAS,2003,1,37
1455,41001,VIAS PUBLICAS,2003,1,37
1456,81794,VIAS PUBLICAS,2003,1,37
1457,05001,VIAS PUBLICAS,2003,1,37
1458,25426,VIAS PUBLICAS,2003,1,37
1459,05660,VIAS PUBLICAS,2003,1,37
1460,54001,VIAS PUBLICAS,2003,1,37
1461,81001,VIAS PUBLICAS,2003,1,37
1462,81736,VIAS PUBLICAS,2003,1,37
1463,81736,VIAS PUBLICAS,2003,6,37
1464,11001,VIAS PUBLICAS,2003,1,37
1465,54250,VIAS PUBLICAS,2003,1,37
1466,05670,VIAS PUBLICAS,2003,1,37
1467,73001,VIAS PUBLICAS,2003,1,37
1468,52001,VIAS PUBLICAS,2003,1,37
1469,11001,VIAS PUBLICAS,2003,1,37
1470,41006,VIAS PUBLICAS,2003,1,37
1471,05467,VIAS PUBLICAS,2003,1,37
1472,81736,VIAS PUBLICAS,2003,1,37
1473,41020,VIAS PUBLICAS,2003,1,37
1474,54051,VIAS PUBLICAS,2003,1,37
1475,05467,VIAS PUBLICAS,2003,1,37
1476,18001,VIAS PUBLICAS,2003,1,37
1477,18001,VIAS PUBLICAS,2003,1,37
1478,05674,VIAS PUBLICAS,2003,1,37
1479,11001,VIAS PUBLICAS,2003,1,37
1480,63130,VIAS PUBLICAS,2003,1,37
1481,05001,VIAS PUBLICAS,2003,1,37
1482,05847,VIAS PUBLICAS,2003,1,37
1483,41359,PUENTE,2003,1,37
1484,41551,PUENTE,2003,1,37
1485,41770,PUENTE,2003,1,37
1486,76834,VIAS PUBLICAS,2003,1,37
1487,19585,PUENTE,2003,1,37
1488,81736,VIAS PUBLICAS,2003,2,37
1489,41006,VIAS PUBLICAS,2003,1,37
1490,05847,VIAS PUBLICAS,2003,1,37
1491,81001,VIAS PUBLICAS,2003,1,37
1492,81065,VIAS PUBLICAS,2003,1,37
1493,17001,VIAS PUBLICAS,2003,1,37
1494,52356,VIAS PUBLICAS,2003,1,37
1495,73349,PUENTE,2003,1,37
1496,11001,VIAS PUBLICAS,2003,1,37
1497,52612,VIAS PUBLICAS,2003,1,37
1498,54344,VIAS PUBLICAS,2003,1,37
1499,81001,VIAS PUBLICAS,2003,1,37
1500,81736,VIAS PUBLICAS,2003,1,37
1501,05890,VIAS PUBLICAS,2003,1,37
1502,52001,VIAS PUBLICAS,2003,1,37
1503,81736,VIAS PUBLICAS,2003,1,37
1504,85010,VIAS PUBLICAS,2003,1,37
1505,52001,VIAS PUBLICAS,2003,1,37
1506,81736,VIAS PUBLICAS,2003,1,37
1507,25328,VIAS PUBLICAS,2003,1,37
1508,41001,VIAS PUBLICAS,2003,1,37
1509,18753,VIAS PUBLICAS,2003,1,37
1510,05660,VIAS PUBLICAS,2003,1,37
1511,81736,VIAS PUBLICAS,2003,1,37
1512,11001,VIAS PUBLICAS,2003,1,37
1513,81736,VIAS PUBLICAS,2003,1,37
1514,81736,VIAS PUBLICAS,2003,1,37
1515,76233,VIAS PUBLICAS,2003,1,37
1516,05660,VIAS PUBLICAS,2003,1,37
1517,05847,VIAS PUBLICAS,2003,1,37
1518,18753,VIAS PUBLICAS,2003,1,37
1519,54800,VIAS PUBLICAS,2003,1,37
1520,05660,VIAS PUBLICAS,2003,1,37
1521,81065,VIAS PUBLICAS,2003,1,37
1522,85263,PUENTE,2003,1,37
1523,23855,VIAS PUBLICAS,2003,1,37
1524,17001,VIAS PUBLICAS,2003,1,37
1525,11001,VIAS PUBLICAS,2003,1,37
1526,81001,VIAS PUBLICAS,2003,1,37
1527,18753,VIAS PUBLICAS,2003,1,37
1528,18753,VIAS PUBLICAS,2003,1,37
1529,52612,VIAS PUBLICAS,2003,1,37
1530,11001,VIAS PUBLICAS,2003,1,37
1531,05697,VIAS PUBLICAS,2003,1,37
1532,81001,VIAS PUBLICAS,2003,1,37
1533,81001,VIAS PUBLICAS,2003,1,37
1534,05649,VIAS PUBLICAS,2003,1,37
1535,17433,VIAS PUBLICAS,2003,1,37
1536,94001,VIAS PUBLICAS,2003,1,37
1537,54670,VIAS PUBLICAS,2003,1,37
1538,76364,PUENTE,2003,1,37
1539,81001,PUENTE,2003,1,37
1540,25394,VIAS PUBLICAS,2003,1,37
1541,73001,VIAS PUBLICAS,2003,1,37
1542,18247,VIAS PUBLICAS,2003,1,37
1543,05660,PUENTE,2003,1,37
1544,05197,PUENTE,2003,1,37
1545,81736,VIAS PUBLICAS,2003,1,37
1546,76001,VIAS PUBLICAS,2003,1,37
1547,05660,VIAS PUBLICAS,2003,1,37
1548,19001,PUENTE,2003,1,37
1549,05660,PUENTE,2003,1,37
1550,52356,VIAS PUBLICAS,2003,1,37
