source_id,source_name,description,import_date,origin,dataset_url,end_point_url,start_date,end_date
9,Datos abiertos de colombia,Contiene información de Incautación de Armas de Fuego desde 01 de enero del año 2010 al 31 de enero del año 2024.,2024-09-14,Policía Nacional de Colombia,https://www.datos.gov.co/Seguridad-y-Defensa/Reporte-Incautaci-n-de-Armas-de-Fuego-Polic-a-Naci/2iz5-9bbz/about_data,https://www.datos.gov.co/resource/2iz5-9bbz.csv,2010-01-01,2024-04-30
10,Datos abiertos de colombia,"Contiene información del delito de hurto en Colombia a través de las modalidades de abigeato, bancos, y piratería desde el 01 de enero del año 2010 al 30 de abril del año 2024.",2024-09-14,Policía Nacional de Colombia,https://www.datos.gov.co/Seguridad-y-Defensa/Reporte-Hurto-por-Modalidades-Polic-a-Nacional/d4fr-sbn2/about_data,https://www.datos.gov.co/resource/d4fr-sbn2.csv,2010-01-01,2024-04-30
11,Datos abiertos de colombia,"Contiene información del delito de hurto en Colombia a través de las modalidades de residencias y entidades comerciales, 01 de enero del año 2010 al 30 de abril del año 2024.",2024-09-14,Policía Nacional de Colombia,https://www.datos.gov.co/Seguridad-y-Defensa/Reporte-Hurto-por-Modalidades-Polic-a-Nacional/6sqw-8cg5/about_data,https://www.datos.gov.co/resource/6sqw-8cg5.csv,2010-01-01,2024-04-30
12,Datos abiertos de colombia,Contiene información del delito Amenazas del 01 de enero del año 2010 al 30 de abril del año 2024,2024-09-14,Policía Nacional de Colombia,https://www.datos.gov.co/Seguridad-y-Defensa/Amenazas-Polic-a-Nacional-de-Colombia/meew-mguv/about_data,https://www.datos.gov.co/resource/meew-mguv.csv,2010-01-01,2024-04-30
3,Datos abiertos de colombia,Contiene noticias criminales por delito registrados en el Sistema Penal Oral Acusatorio en la Ley 906 de 2004 y Ley 1098 de 2006 desde hechos ocurridos en 2010. Los datos presentados están a corte del 2 de septiembre 2024,2024-11-09,Fiscalía General de la Nación,https://www.datos.gov.co/Justicia-y-Derecho/Conteo-de-Procesos-V2/6d52-qyqg/about_data,https://www.datos.gov.co/resource/6d52-qyqg.csv,2010-01-01,2024-09-02
4,Datos abiertos de colombia,Contiene total de víctimas según las entradas de noticias criminales por delito al Sistema Penal Oral Acusatorio en la Ley 906 de 2004 y Ley 1098 de 2006 desde hechos ocurridos en 2010.,2024-11-09,Fiscalía General de la Nación,https://www.datos.gov.co/Justicia-y-Derecho/Conteo-de-V-ctimas-V2/4mnf-va5w/about_data,https://www.datos.gov.co/resource/4mnf-va5w.csv,2010-01-01,2024-09-02
5,Datos abiertos de colombia,Contiene total de Indiciados por delito según entradas de noticias criminales al Sistema Penal Oral Acusatorio en la Ley 906 de 2004 y Ley 1098 de 2006 desde hechos ocurridos en 2010,2024-09-11,Fiscalía General de la Nación,https://www.datos.gov.co/Justicia-y-Derecho/Conteo-de-Indiciados-V2/y2i3-im6h/about_data,https://www.datos.gov.co/resource/y2i3-im6h.csv,2010-01-01,2024-09-02
6,Datos abiertos de colombia,Contiene información sobre delitos Sexuales desde el 01 de enero del año 2010 al 30 de abril del año 2024,2024-09-14,Policía Nacional de Colombia,https://www.datos.gov.co/Seguridad-y-Defensa/Reporte-Delitos-sexuales-Polic-a-Nacional/fpe5-yrmw/about_data,https://www.datos.gov.co/resource/fpe5-yrmw.csv,2010-01-01,2024-04-30
7,Datos abiertos de colombia,Contiene información del delito de hurto en Colombia a través de las modalidades de motocicletas y automotores desde 01 de enero del año 2010 al 30 de abril del año 2024.,2024-09-14,Policía Nacional de Colombia,https://www.datos.gov.co/Seguridad-y-Defensa/Reporte-Hurto-por-Modalidades-Polic-a-Nacional/9vha-vh9n/about_data,https://www.datos.gov.co/resource/9vha-vh9n.csv,2010-01-01,2024-04-30
8,Datos abiertos de colombia,Contiene información del delito de Violencia Intrafamiliar desde el 01 de enero del año 2010 al 30 de abril del año 2024.,2024-09-14,Policía Nacional de Colombia,https://www.datos.gov.co/Seguridad-y-Defensa/Reporte-Delito-Violencia-Intrafamiliar-Polic-a-Nac/vuyt-mqpw/about_data,https://www.datos.gov.co/resource/vuyt-mqpw.csv,2010-01-01,2024-04-30
1,Datos abiertos de colombia,"Este archivo proporciona una detallada descripción de los centros poblados en Colombia, incluyendo sus códigos de identificación, nombres, ubicaciones geográficas y clasificaciones administrativas",2024-06-14,Departamento Administrativo Nacional de Estadisticas - DANE,https://www.datos.gov.co/Mapas-Nacionales/Departamentos-y-municipios-de-Colombia/xdk5-pm3f/about_data,https://www.datos.gov.co/resource/ynn5-77cb.csv?,,
2,Datos abiertos de colombia,"Este archivo proporciona una descripción completa de los municipios colombianos, incluyendo sus códigos de identificación, nombres, áreas, referencias legales de creación, y representaciones geográficas en formato de polígonos. El archivo proporciona datos geoespaciales que representan el perímetro y la extensión del área de cada municipio en formato de polígono",2024-06-14,Departamento Administrativo Nacional de Estadisticas - DANE,,https://geoportal.dane.gov.co/servicios/descarga-y-metadatos/datos-geoestadisticos/,,
13,Datos abiertos de colombia,Contiene información del delito de Terrorismo desde el 01 de enero del año 2010 al 30 de abril del año 2024.,2024-09-14,Policía Nacional de Colombia,https://www.datos.gov.co/Seguridad-y-Defensa/Reporte-Delito-Terrorismo-Polic-a-Nacional/37p5-impc/about_data,https://www.datos.gov.co/resource/37p5-impc.csv,2010-01-01,2024-04-30
14,Datos abiertos de colombia,Contiene información incautación de estupefacientes desde 01 de enero del año 2010 al 30 de abril del año 2024.,2024-09-14,Policía Nacional de Colombia,https://www.datos.gov.co/Seguridad-y-Defensa/Incautaci-n-de-Estupefacientes-/kk69-w2jj/about_data,https://www.datos.gov.co/resource/kk69-w2jj.csv,2010-01-01,2024-04-30
38,Datos abiertos de colombia,"Contiene información sobre las lesiones fatales de causa externa ocurridas en el territorio nacional Colombiano en el periodo de tiempo comprendido entre el 01 de enero de 2023 al 31 de julio e 2024, de los cuales tiene conocimiento y son registrados por Instituto Nacional de Medicina Legal y Ciencias Forenses.",2024-09-22,Instituto Nacional de Medicina Legal y Ciencias Forenses,https://www.datos.gov.co/Justicia-y-Derecho/Lesiones-fatales-de-causa-externamin-Informaci-n-p/2kpj-cktv/about_data,https://www.datos.gov.co/resource/2kpj-cktv.csv,2023-01-01,2024-07-31
16,Datos abiertos de colombia,Contiene información del delito de Lesiones personales y Lesiones en accidente de Tránsito desde 01 de enero del año 2010 al 30 de abril del año 2024.,2024-09-14,Policía Nacional de Colombia,https://www.datos.gov.co/Seguridad-y-Defensa/Reporte-Lesiones-Personales-y-en-Accidente-de-Tr-n/72sg-cybi/data_preview,https://www.datos.gov.co/resource/72sg-cybi.csv,2003-01-01,2024-04-30
17,Datos abiertos de colombia,"Contiene información sobre homicidios. Toda muerte (civiles, miembros de la Fuerza Pública y personas pertenecientes a grupos criminales), que fuere causada por otra persona por cualquier tipo de elemento. Se mide en víctimas.",2024-09-14,Ministerio de Defensa Nacional,https://www.datos.gov.co/Seguridad-y-Defensa/HOMICIDIO/m8fd-ahd9/about_data,https://www.datos.gov.co/resource/m8fd-ahd9.csv,2003-01-01,2024-04-30
18,Datos abiertos de colombia,"Contiene información sobre aquellos hechos en los cuales resultan muertos cuatro (4) o más personas en estado de indefensión en el mismo lugar, a la misma hora y por los mismos autores.",2024-09-14,Ministerio de Defensa Nacional,https://www.datos.gov.co/Seguridad-y-Defensa/HOMICIDIO-COLECTIVO-V-CTIMAS/3vft-pewx/about_data,https://www.datos.gov.co/resource/3vft-pewx.csv,2003-01-01,2023-12-31
19,Datos abiertos de colombia,"Contiene información sobre los homicidios y lesiones que reporta la Fuerza Pública (Ejército Nacional, Armada Nacional, Fuerza Aérea y Policía Nacional) en cumplimiento de su deber constitucional o actos de servicio excluyendo vacaciones, permisos y licencias.",2024-09-14,Ministerio de Defensa Nacional,https://www.datos.gov.co/Seguridad-y-Defensa/AFECTACI-N-DE-MIEMBROS-DE-LA-FUERZA-P-BLICA/8rpn-wpty/about_data,https://www.datos.gov.co/resource/8rpn-wpty.csv,2021-01-01,2024-04-30
20,Datos abiertos de colombia,"Contiene información sobre la modalidad de hurto donde el victimario utiliza diferentes medios con el fin de apoderarse de los elementos de valor que lleva consigo una persona, se mide en víctimas.",2024-09-14,Ministerio de Defensa Nacional,https://www.datos.gov.co/Seguridad-y-Defensa/HURTO-PERSONAS/4rxi-8m8d/about_data,https://www.datos.gov.co/resource/4rxi-8m8d.csv,2003-01-01,2024-04-30
21,Datos abiertos de colombia,Contiene información sobre el total del número de casos y la relación de víctimas de secuestro simple y de secuestro extorsivo.,2024-09-14,Ministerio de Defensa Nacional,https://www.datos.gov.co/Seguridad-y-Defensa/SECUESTRO/d7zw-hpf4/about_data,https://www.datos.gov.co/resource/d7zw-hpf4.csv,1996-01-01,2024-04-30
22,Datos abiertos de colombia,"Contiene información sobre los delitos contra los recursos naturales y el medio ambiente descritos en el Código Penal Colombiano, artículos 328 al 339. Los delitos corresponden a la modificación de la Ley 2111 de 2021. Se mide en casos.",2024-09-14,Ministerio de Defensa Nacional,https://www.datos.gov.co/Seguridad-y-Defensa/DELITOS-CONTRA-EL-MEDIO-AMBIENTE/9zck-qfvc/data_preview,https://www.datos.gov.co/resource/9zck-qfvc.csv,2003-01-01,2024-04-30
23,Datos abiertos de colombia,"Contiene información sobre el casos de extorsión que, según el art. 244 del Código Penal Colombiano, Ley 599 de 2000, se define como “el que constriña a otro a hacer, tolerar u omitir alguna cosa, con el propósito de obtener provecho ilícito o cualquier utilidad ilícita o beneficio ilícito, para sí o para un tercero”. Se mide en víctimas.",2024-09-19,Ministerio de Defensa Nacional,https://www.datos.gov.co/Seguridad-y-Defensa/EXTORSION/q2ib-t9am/about_data,https://www.datos.gov.co/resource/q2ib-t9am.csv,1996-01-01,2024-04-30
24,Datos abiertos de colombia,Contiene información sobre la cantidad de capturas realizadas por las conductas delictivas cometidas contra los recursos naturales y el medio ambiente. Esta acción la puede realizar los miembros de las Fuerzas Militares y de la Policía Nacional dejando a disposición de la autoridad competente. La unidad de medida corresponde a personas capturadas.,2024-09-19,Ministerio de Defensa Nacional,https://www.datos.gov.co/Seguridad-y-Defensa/CAPTURAS-POR-MINER-A-ILEGAL/3wcs-8xp9/about_data,https://www.datos.gov.co/resource/3wcs-8xp9.csv,2010-01-01,2024-04-30
25,Datos abiertos de colombia,"Contiene información sobre actos de terrorismo, definido como el que provoque o mantenga en estado de zozobra o terror a la población o a un sector de ella, mediante actos que pongan en peligro la vida, la integridad física o la libertad de las personas o las edificaciones o medios de comunicación, transporte, procesamiento o conducción de fluidos o fuerzas motrices, valiéndose de medios capaces de causar estragos (Ley 599 de 2000, artículo 343). Se mide en casos.",2024-09-19,Ministerio de Defensa Nacional,https://www.datos.gov.co/Seguridad-y-Defensa/TERRORISMO/yi5j-5fe9/about_data,https://www.datos.gov.co/resource/yi5j-5fe9.csv,2010-01-01,2024-04-30
26,Datos abiertos de colombia,"Contiene información sobre casos de hurto a entidades financieras. Delito definido como: Acciones delincuenciales mediante las cuales, ejerciendo violencia sobre las personas o las cosas, con penetración o permanencia arbitraria, engañosa o clandestina y violando o superando seguridades electrónicas o de otro tipo, proceden a apoderarse del dinero de una entidad financiera. (art. 239 Hurto. según el Código Penal Colombiano, Ley 599 de 2000, se define como “el que se apodere de una cosa mueble ajena, con el propósito de obtener provecho para sí o para otro”.).",2024-09-19,Ministerio de Defensa Nacional,https://www.datos.gov.co/Seguridad-y-Defensa/HURTO-A-ENTIDADES-FINANCIERAS/i7h7-wmjc/about_data,https://www.datos.gov.co/resource/i7h7-wmjc.csv,2003-01-01,2024-04-30
27,Datos abiertos de colombia,Contiene información sobre la afectación a la infraestructura crítica: voladura de oleoductos. Se mide en casos.,2024-09-19,Ministerio de Defensa Nacional,https://www.datos.gov.co/Seguridad-y-Defensa/VOLADURA-DE-OLEDUCTOS/ec2r-4byk/about_data,https://www.datos.gov.co/resource/ec2r-4byk.csv,2007-01-01,2024-04-30
28,Datos abiertos de colombia,"Contiene información sobre incautaciones de marihuana. Incluye el número de kilos de marihuana incautada por la Fuerza Pública en el ejercicio de sus funciones. Entiéndase por Marihuana como una droga derivada de la planta del cáñamo (Cannabis), la cual es originaria de Asia (cordilleras de Himalaya). La principal sustancia psicoactiva presente en la droga es el THC o tetrahidrocannabinol y se concentra en las inflorescencias de la planta hembra. Las hojas y la planta macho contienen mucho menos THC y usualmente no se destinan directamente para su consumo, aunque si pueden venir mezcladas con las partes más activas de la planta hembra, dependiendo de la calidad del producto y su precio en el mercado. Las semillas de cannabis no contienen THC.",2024-09-19,Ministerio de Defensa Nacional,https://www.datos.gov.co/Seguridad-y-Defensa/INCAUTACIONES-DE-MARIHUANA/g228-vp9d/about_data,https://www.datos.gov.co/resource/g228-vp9d.csv,2010-01-01,2024-04-30
29,Datos abiertos de colombia,"Contiene información sobre incautaciones cocaína. Incluye el número de kilos de clorhidrato de cocaína incautado o interrumpido por la Fuerza Pública en el ejercicio de sus funciones. Entiéndase por Clorhidrato de cocaína como el producto obtenido a partir de la pasta básica de cocaína o base de cocaína mediante una serie de reacciones que incluyen cambios de pH y procesos de precipitación, para finalizar con la adición de ácido clorhídrico con el objeto de formar la sal. La unidad de medida corresponde a kilogramos incautados (kg).",2024-09-19,Ministerio de Defensa Nacional,https://www.datos.gov.co/Seguridad-y-Defensa/INCAUTACIONES-DE-COCA-NA/26zg-9p9r/about_data,https://www.datos.gov.co/resource/26zg-9p9r.csv,2010-01-01,2024-04-30
30,Datos abiertos de colombia,"Contiene información sobre incautaciones de base de coca. Incluye el número de kilos de la pasta/base de cocaína incautada por la Fuerza Pública en el ejercicio de sus funciones. Entiéndase por Pasta/base de cocaína lo siguiente: La pasta de cocaína es el primer subproducto que se obtiene en la fase inicial de la extracción de los alcaloides de la hoja de coca, a partir de combustibles y ácido sulfúrico. Una vez refinada, se le conoce como base de cocaína. Esta refinación se hace mediante la utilización de sustancias oxidantes, de preferencia el permanganato de potasio. En este caso se agrupan, puesto que se reportan indistintamente en el sistema de información de seguridad y defensa.",2024-09-19,Ministerio de Defensa Nacional,https://www.datos.gov.co/Seguridad-y-Defensa/INCAUTACIONES-DE-BASE-DE-COCA/nxbk-nikm/about_data,https://www.datos.gov.co/resource/nxbk-nikm.csv,2010-01-01,2024-04-30
31,Datos abiertos de colombia,Contiene información sobre incautaciones de basuco. Incluye el número de kilos de basuco incautados por la Fuerza Pública en el ejercicio de sus funciones. Entiéndase por Basuco como la droga obtenida a partir de la pasta o base de cocaína que se mezcla con diferentes agentes de corte con el fin de comercializarla para su consumo.,2024-09-19,Ministerio de Defensa Nacional,https://www.datos.gov.co/Seguridad-y-Defensa/INCAUTACIONES-DE-BASUCO/3cjd-phaj/about_data,https://www.datos.gov.co/resource/3cjd-phaj.csv,2010-01-01,2024-04-30
32,Datos abiertos de colombia,"Contiene información sobre incautaciones de insumos líquidos. Incluye el número de galones de sustancias químicas empleadas para la fabricación de drogas ilícitas, incautados por la fuerza pública.",2024-09-19,Ministerio de Defensa Nacional,https://www.datos.gov.co/Seguridad-y-Defensa/INCAUTACIONES-DE-INSUMOS-L-QUIDOS/k2wp-tdv7/about_data,https://www.datos.gov.co/resource/k2wp-tdv7.csv,2010-01-01,2024-04-30
33,Datos abiertos de colombia,Contiene información sobre el número de infraestructuras para la producción de drogas ilícitas destruidas. Entiéndase por infraestructuras para la producción de drogas aquellos laboratorios donde se utilizan sustancias químicas y equipos necesarios para preparar una sustancia controlada a partir de sus precursores. Estas infraestructuras se clasifican de acuerdo con el proceso de fabricación o de acuerdo con el tipo de producto fabricado.,2024-09-19,Ministerio de Defensa Nacional,https://www.datos.gov.co/Seguridad-y-Defensa/INFRAESTRUCTURAS/v75m-npi8/about_data,https://www.datos.gov.co/resource/v75m-npi8.csv,2010-01-01,2024-04-30
34,Datos abiertos de colombia,Contiene información sobre erradicación de cultivos ilícitos que incluye la eliminación física o afectación directa de los cultivos ilegales. Se ejecuta a través del empleo de diferentes modalidades que buscan la disminución de este tipo de plantaciones. La unidad de medida corresponde a hectáreas (ha).,2024-09-19,Ministerio de Defensa Nacional,https://www.datos.gov.co/Seguridad-y-Defensa/ERRADICACI-N/p72f-qcvk/about_data,https://www.datos.gov.co/resource/p72f-qcvk.csv,2007-01-01,2024-04-30
35,Datos abiertos de colombia,"Contiene información sobre piratería terrestre: actividad delictiva encaminada al hurto de mercancía o bienes transportados en vehículos de carga o pasajeros, mediante el uso de diferentes modalidades y que se realiza, ya sea durante el desplazamiento o cuando se encuentran estacionados en algún lugar (de origen o de destino). Los hechos de piratería terrestre pueden ocurrir en lugares urbanos o rurales, se mide en intervinientes (víctimas).",2024-09-19,Ministerio de Defensa Nacional,https://www.datos.gov.co/Seguridad-y-Defensa/PIRATER-A-TERRESTRE/sutf-7dyz/about_data,https://www.datos.gov.co/resource/sutf-7dyz.csv,2003-01-01,2024-04-30
36,Datos abiertos de colombia,Contiene información sobre minas intervenidas o intervención de unidades productoras mineras por explotación ilícita por parte de la Fuerza Pública.,2024-09-19,Ministerio de Defensa Nacional,https://www.datos.gov.co/Seguridad-y-Defensa/MINAS-INTERVENIDAS/gr35-i7pm/about_data,https://www.datos.gov.co/resource/gr35-i7pm.csv,2010-01-01,2024-04-30
37,Datos abiertos de colombia,Contiene información sobre voladuras de puentes y vías. Vías públicas y puentes vehiculares públicos destruidos o afectados producto de un ataque contra este tipo de infraestructura.,2024-09-19,Ministerio de Defensa Nacional,https://www.datos.gov.co/Seguridad-y-Defensa/VOLADURA-DE-PUENTES-Y-V-AS/m98b-cdys/about_data,https://www.datos.gov.co/resource/m98b-cdys.csv,2003-01-01,2024-04-30
52,Datos abiertos de Colombia,"Contiene información sobre cifras de Víctimas de 32 reportes con las siguientes fechas de corte: 2022-07-31, 2022-01-31, 2022-04-30, 2022-02-28, 2022-03-31, 2022-06-30, 2022-05-31, 2022-10-31, 2022-08-31, 2022-11-30, 2022-12-31, 2023-01-31, 2023-02-28, 2023-03-31, 2023-04-30, 2023-05-31, 2023-06-30, 2023-07-31, 2023-08-31, 2023-09-30, 2023-10-31, 2023-11-30, 2023-12-31, 2024-01-31, 2024-02-29, 2024-03-31, 2024-04-30, 2024-05-31, 2024-06-30, 2024-07-31, 2024-08-31, 2022-09-30",2024-09-25,Unidad para la Atención y Reparación Integral a las Víctimas del Departamento de la Prosperidad Social,https://www.datos.gov.co/Inclusi-n-Social-y-Reconciliaci-n/Cifras-de-V-ctimas-Municipal/ykxr-xynr/about_data,https://www.datos.gov.co/resource/ykxr-xynr.csv,,2024-08-31
53,Datos abiertos de Colombia,Contiene información sobre cifras de Víctimas del conflicto armado por tipo de hecho o tipo de crimen u ofensa con corte a 31 de agosto de 2024,2024-09-25,Unidad para la Atención y Reparación Integral a las Víctimas del Departamento de la Prosperidad Social,https://www.datos.gov.co/Inclusi-n-Social-y-Reconciliaci-n/Cifras-de-V-ctimas-por-Hechos-Municipal/9qih-4vkc/about_data,https://www.datos.gov.co/resource/9qih-4vkc.csv,,2024-08-31
42,Datos abiertos de colombia,"Contiene información sobre las muertes accidentales ocurridas en el territorio nacional Colombiano en el periodo de tiempo comprendido entre los años 2016 y 2019, de los cuales tiene conocimiento y son registrados por el Instituto Nacional de Medicina Legal y Ciencias Forenses.",2024-09-22,Instituto Nacional de Medicina Legal y Ciencias Forenses,https://www.datos.gov.co/Justicia-y-Derecho/Muertes-accidentales-Colombia-a-os-2016-a-2019/irg9-q5fx/about_data,https://www.datos.gov.co/resource/irg9-q5fx.csv,2016-01-01,2019-12-31
15,Datos abiertos de colombia,Contiene datos históricos en el Sistema de Información Red de Desaparecidos y Cadáveres. - SIRDEC de personas reportadas como desaparecidos desde el año 1930 hasta junio del año 2024.,2024-09-14,Instituto Nacional de Medicina Legal y Ciencias Forenses,https://www.datos.gov.co/Justicia-y-Derecho/Desaparecidos-Colombia-hist-rico-a-os-1930-a-junio/8hqm-7fdt/data_preview,https://www.datos.gov.co/resource/8hqm-7fdt.csv,1930-01-01,2024-04-30
112,Datos abiertos de colombia,"Contiene la informacion la población activa del régimen contributivo que se encuentra almacenada en la Base de Datos Única de Afiliados, con corte al 6 de septiembre de 2024",2024-10-07,Administradora de los Recursos del Sistema General de Seguridad - ADRES,https://www.datos.gov.co/Salud-y-Protecci-n-Social/Poblaci-n-Base-de-Datos-nica-de-Afiliados-BDUA-del/tq4m-hmg2/about_data,https://www.datos.gov.co/resource/tq4m-hmg2.csv,,2024-09-06
54,DANE,Contiene los microdatos de los hogares y viviendas del territorio nacional del censo de población y vivienda realizado en 2018 correspondiente al Departamento de Antioquia. El diccionario de datos de estos dataset puede consultarse en: https://microdatos.dane.gov.co/index.php/catalog/643/data-dictionary/F9?file_name=HOGARES y https://microdatos.dane.gov.co/index.php/catalog/643/data-dictionary/F8?file_name=VIVENDAS,2024-09-28,Departamento Administrativo Nacional de Estadisticas - DANE,https://microdatos.dane.gov.co/index.php/catalog/643/get_microdata,https://microdatos.dane.gov.co/index.php/catalog/643/download/12143,2018-10-01,2024-08-31
55,DANE,Contiene los microdatos de los hogares y viviendas del territorio nacional del censo de población y vivienda realizado en 2018 correspondiente al Departamento de Atlantico. El diccionario de datos de estos dataset puede consultarse en: https://microdatos.dane.gov.co/index.php/catalog/643/data-dictionary/F9?file_name=HOGARES y https://microdatos.dane.gov.co/index.php/catalog/643/data-dictionary/F8?file_name=VIVENDAS,2024-09-28,Departamento Administrativo Nacional de Estadisticas - DANE,https://microdatos.dane.gov.co/index.php/catalog/643/get_microdata,https://microdatos.dane.gov.co/index.php/catalog/643/download/12144,2018-10-01,2024-08-31
56,DANE,Contiene los microdatos de los hogares y viviendas del territorio nacional del censo de población y vivienda realizado en 2018 correspondiente a Bogotá. El diccionario de datos de estos dataset puede consultarse en: https://microdatos.dane.gov.co/index.php/catalog/643/data-dictionary/F9?file_name=HOGARES y https://microdatos.dane.gov.co/index.php/catalog/643/data-dictionary/F8?file_name=VIVENDAS,2024-09-28,Departamento Administrativo Nacional de Estadisticas - DANE,https://microdatos.dane.gov.co/index.php/catalog/643/get_microdata,https://microdatos.dane.gov.co/index.php/catalog/643/download/12145,2018-10-01,2024-08-31
57,DANE,Contiene los microdatos de los hogares y viviendas del territorio nacional del censo de población y vivienda realizado en 2018 correspondiente al Departamento de Bolívar. El diccionario de datos de estos dataset puede consultarse en: https://microdatos.dane.gov.co/index.php/catalog/643/data-dictionary/F9?file_name=HOGARES y https://microdatos.dane.gov.co/index.php/catalog/643/data-dictionary/F8?file_name=VIVENDAS,2024-09-28,Departamento Administrativo Nacional de Estadisticas - DANE,https://microdatos.dane.gov.co/index.php/catalog/643/get_microdata,https://microdatos.dane.gov.co/index.php/catalog/643/download/12146,2018-10-01,2024-08-31
58,DANE,Contiene los microdatos de los hogares y viviendas del territorio nacional del censo de población y vivienda realizado en 2018 correspondiente al Departamento de Boyacá. El diccionario de datos de estos dataset puede consultarse en: https://microdatos.dane.gov.co/index.php/catalog/643/data-dictionary/F9?file_name=HOGARES y https://microdatos.dane.gov.co/index.php/catalog/643/data-dictionary/F8?file_name=VIVENDAS,2024-09-28,Departamento Administrativo Nacional de Estadisticas - DANE,https://microdatos.dane.gov.co/index.php/catalog/643/get_microdata,https://microdatos.dane.gov.co/index.php/catalog/643/download/12147,2018-10-01,2024-08-31
59,DANE,Contiene los microdatos de los hogares y viviendas del territorio nacional del censo de población y vivienda realizado en 2018 correspondiente al Departamento de Caldas. El diccionario de datos de estos dataset puede consultarse en: https://microdatos.dane.gov.co/index.php/catalog/643/data-dictionary/F9?file_name=HOGARES y https://microdatos.dane.gov.co/index.php/catalog/643/data-dictionary/F8?file_name=VIVENDAS,2024-09-28,Departamento Administrativo Nacional de Estadisticas - DANE,https://microdatos.dane.gov.co/index.php/catalog/643/get_microdata,https://microdatos.dane.gov.co/index.php/catalog/643/download/12148,2018-10-01,2024-08-31
60,DANE,Contiene los microdatos de los hogares y viviendas del territorio nacional del censo de población y vivienda realizado en 2018 correspondiente al Departamento de Caquetá. El diccionario de datos de estos dataset puede consultarse en: https://microdatos.dane.gov.co/index.php/catalog/643/data-dictionary/F9?file_name=HOGARES y https://microdatos.dane.gov.co/index.php/catalog/643/data-dictionary/F8?file_name=VIVENDAS,2024-09-28,Departamento Administrativo Nacional de Estadisticas - DANE,https://microdatos.dane.gov.co/index.php/catalog/643/get_microdata,https://microdatos.dane.gov.co/index.php/catalog/643/download/12149,2018-10-01,2024-08-31
61,DANE,Contiene los microdatos de los hogares y viviendas del territorio nacional del censo de población y vivienda realizado en 2018 correspondiente al Departamento de Cauca. El diccionario de datos de estos dataset puede consultarse en: https://microdatos.dane.gov.co/index.php/catalog/643/data-dictionary/F9?file_name=HOGARES y https://microdatos.dane.gov.co/index.php/catalog/643/data-dictionary/F8?file_name=VIVENDAS,2024-09-28,Departamento Administrativo Nacional de Estadisticas - DANE,https://microdatos.dane.gov.co/index.php/catalog/643/get_microdata,https://microdatos.dane.gov.co/index.php/catalog/643/download/12150,2018-10-01,2024-08-31
113,Datos abiertos de colombia,"Contiene la informacion la población activa del régimen subsidiado que se encuentra almacenada en la Base de Datos Única de Afiliados, con corte al 6 de septiembre de 2024",2024-10-07,Administradora de los Recursos del Sistema General de Seguridad - ADRES,https://www.datos.gov.co/Salud-y-Protecci-n-Social/Poblaci-n-Base-de-Datos-nica-de-Afiliados-BDUA-del/d7a5-cnra/about_data,https://www.datos.gov.co/resource/d7a5-cnra.csv,,2024-09-06
114,Datos abiertos de colombia,"Contiene información sobre los indicadores de mortalidad y morbilidad según departamento, municipio y año, generados por el Ministerio de Salud y Proteccion Social",2024-10-07,Ministerio de Salud y Seguridad Social,https://www.datos.gov.co/Salud-y-Protecci-n-Social/Indicadores-mortalidad-y-morbilidad-seg-n-departam/4e4i-ua65/about_data,https://www.datos.gov.co/resource/4e4i-ua65.csv,2024-04-20,
62,DANE,Contiene los microdatos de los hogares y viviendas del territorio nacional del censo de población y vivienda realizado en 2018 correspondiente al Departamento de Cesar. El diccionario de datos de estos dataset puede consultarse en: https://microdatos.dane.gov.co/index.php/catalog/643/data-dictionary/F9?file_name=HOGARES y https://microdatos.dane.gov.co/index.php/catalog/643/data-dictionary/F8?file_name=VIVENDAS,2024-09-28,Departamento Administrativo Nacional de Estadisticas - DANE,https://microdatos.dane.gov.co/index.php/catalog/643/get_microdata,https://microdatos.dane.gov.co/index.php/catalog/643/download/12151,2018-10-01,2024-08-31
63,DANE,Contiene los microdatos de los hogares y viviendas del territorio nacional del censo de población y vivienda realizado en 2018 correspondiente al Departamento de Córdoba. El diccionario de datos de estos dataset puede consultarse en: https://microdatos.dane.gov.co/index.php/catalog/643/data-dictionary/F9?file_name=HOGARES y https://microdatos.dane.gov.co/index.php/catalog/643/data-dictionary/F8?file_name=VIVENDAS,2024-09-28,Departamento Administrativo Nacional de Estadisticas - DANE,https://microdatos.dane.gov.co/index.php/catalog/643/get_microdata,https://microdatos.dane.gov.co/index.php/catalog/643/download/12152,2018-10-01,2024-08-31
64,DANE,Contiene los microdatos de los hogares y viviendas del territorio nacional del censo de población y vivienda realizado en 2018 correspondiente al Departamento de Cundinamarca. El diccionario de datos de estos dataset puede consultarse en: https://microdatos.dane.gov.co/index.php/catalog/643/data-dictionary/F9?file_name=HOGARES y https://microdatos.dane.gov.co/index.php/catalog/643/data-dictionary/F8?file_name=VIVENDAS,2024-09-28,Departamento Administrativo Nacional de Estadisticas - DANE,https://microdatos.dane.gov.co/index.php/catalog/643/get_microdata,https://microdatos.dane.gov.co/index.php/catalog/643/download/12153,2018-10-01,2024-08-31
65,DANE,Contiene los microdatos de los hogares y viviendas del territorio nacional del censo de población y vivienda realizado en 2018 correspondiente al Departamento de Choco. El diccionario de datos de estos dataset puede consultarse en: https://microdatos.dane.gov.co/index.php/catalog/643/data-dictionary/F9?file_name=HOGARES y https://microdatos.dane.gov.co/index.php/catalog/643/data-dictionary/F8?file_name=VIVENDAS,2024-09-28,Departamento Administrativo Nacional de Estadisticas - DANE,https://microdatos.dane.gov.co/index.php/catalog/643/get_microdata,https://microdatos.dane.gov.co/index.php/catalog/643/download/12154,2018-10-01,2024-08-31
66,DANE,Contiene los microdatos de los hogares y viviendas del territorio nacional del censo de población y vivienda realizado en 2018 correspondiente al Departamento de Huila. El diccionario de datos de estos dataset puede consultarse en: https://microdatos.dane.gov.co/index.php/catalog/643/data-dictionary/F9?file_name=HOGARES y https://microdatos.dane.gov.co/index.php/catalog/643/data-dictionary/F8?file_name=VIVENDAS,2024-09-28,Departamento Administrativo Nacional de Estadisticas - DANE,https://microdatos.dane.gov.co/index.php/catalog/643/get_microdata,https://microdatos.dane.gov.co/index.php/catalog/643/download/12155,2018-10-01,2024-08-31
67,DANE,Contiene los microdatos de los hogares y viviendas del territorio nacional del censo de población y vivienda realizado en 2018 correspondiente al Departamento de La Guajira. El diccionario de datos de estos dataset puede consultarse en: https://microdatos.dane.gov.co/index.php/catalog/643/data-dictionary/F9?file_name=HOGARES y https://microdatos.dane.gov.co/index.php/catalog/643/data-dictionary/F8?file_name=VIVENDAS,2024-09-28,Departamento Administrativo Nacional de Estadisticas - DANE,https://microdatos.dane.gov.co/index.php/catalog/643/get_microdata,https://microdatos.dane.gov.co/index.php/catalog/643/download/12156,2018-10-01,2024-08-31
68,DANE,Contiene los microdatos de los hogares y viviendas del territorio nacional del censo de población y vivienda realizado en 2018 correspondiente al Departamento de Magdalena. El diccionario de datos de estos dataset puede consultarse en: https://microdatos.dane.gov.co/index.php/catalog/643/data-dictionary/F9?file_name=HOGARES y https://microdatos.dane.gov.co/index.php/catalog/643/data-dictionary/F8?file_name=VIVENDAS,2024-09-28,Departamento Administrativo Nacional de Estadisticas - DANE,https://microdatos.dane.gov.co/index.php/catalog/643/get_microdata,https://microdatos.dane.gov.co/index.php/catalog/643/download/12157,2018-10-01,2024-08-31
69,DANE,Contiene los microdatos de los hogares y viviendas del territorio nacional del censo de población y vivienda realizado en 2018 correspondiente al Departamento de Meta. El diccionario de datos de estos dataset puede consultarse en: https://microdatos.dane.gov.co/index.php/catalog/643/data-dictionary/F9?file_name=HOGARES y https://microdatos.dane.gov.co/index.php/catalog/643/data-dictionary/F8?file_name=VIVENDAS,2024-09-28,Departamento Administrativo Nacional de Estadisticas - DANE,https://microdatos.dane.gov.co/index.php/catalog/643/get_microdata,https://microdatos.dane.gov.co/index.php/catalog/643/download/12158,2018-10-01,2024-08-31
70,DANE,Contiene los microdatos de los hogares y viviendas del territorio nacional del censo de población y vivienda realizado en 2018 correspondiente al Departamento de Narino. El diccionario de datos de estos dataset puede consultarse en: https://microdatos.dane.gov.co/index.php/catalog/643/data-dictionary/F9?file_name=HOGARES y https://microdatos.dane.gov.co/index.php/catalog/643/data-dictionary/F8?file_name=VIVENDAS,2024-09-28,Departamento Administrativo Nacional de Estadisticas - DANE,https://microdatos.dane.gov.co/index.php/catalog/643/get_microdata,https://microdatos.dane.gov.co/index.php/catalog/643/download/12159,2018-10-01,2024-08-31
71,DANE,Contiene los microdatos de los hogares y viviendas del territorio nacional del censo de población y vivienda realizado en 2018 correspondiente al Departamento de Norte de Santander. El diccionario de datos de estos dataset puede consultarse en: https://microdatos.dane.gov.co/index.php/catalog/643/data-dictionary/F9?file_name=HOGARES y https://microdatos.dane.gov.co/index.php/catalog/643/data-dictionary/F8?file_name=VIVENDAS,2024-09-28,Departamento Administrativo Nacional de Estadisticas - DANE,https://microdatos.dane.gov.co/index.php/catalog/643/get_microdata,https://microdatos.dane.gov.co/index.php/catalog/643/download/12160,2018-10-01,2024-08-31
72,DANE,Contiene los microdatos de los hogares y viviendas del territorio nacional del censo de población y vivienda realizado en 2018 correspondiente al Departamento de Quindio. El diccionario de datos de estos dataset puede consultarse en: https://microdatos.dane.gov.co/index.php/catalog/643/data-dictionary/F9?file_name=HOGARES y https://microdatos.dane.gov.co/index.php/catalog/643/data-dictionary/F8?file_name=VIVENDAS,2024-09-28,Departamento Administrativo Nacional de Estadisticas - DANE,https://microdatos.dane.gov.co/index.php/catalog/643/get_microdata,https://microdatos.dane.gov.co/index.php/catalog/643/download/12161,2018-10-01,2024-08-31
73,DANE,Contiene los microdatos de los hogares y viviendas del territorio nacional del censo de población y vivienda realizado en 2018 correspondiente al Departamento de Risaralda. El diccionario de datos de estos dataset puede consultarse en: https://microdatos.dane.gov.co/index.php/catalog/643/data-dictionary/F9?file_name=HOGARES y https://microdatos.dane.gov.co/index.php/catalog/643/data-dictionary/F8?file_name=VIVENDAS,2024-09-28,Departamento Administrativo Nacional de Estadisticas - DANE,https://microdatos.dane.gov.co/index.php/catalog/643/get_microdata,https://microdatos.dane.gov.co/index.php/catalog/643/download/12162,2018-10-01,2024-08-31
74,DANE,Contiene los microdatos de los hogares y viviendas del territorio nacional del censo de población y vivienda realizado en 2018 correspondiente al Departamento de Santander. El diccionario de datos de estos dataset puede consultarse en: https://microdatos.dane.gov.co/index.php/catalog/643/data-dictionary/F9?file_name=HOGARES y https://microdatos.dane.gov.co/index.php/catalog/643/data-dictionary/F8?file_name=VIVENDAS,2024-09-28,Departamento Administrativo Nacional de Estadisticas - DANE,https://microdatos.dane.gov.co/index.php/catalog/643/get_microdata,https://microdatos.dane.gov.co/index.php/catalog/643/download/12163,2018-10-01,2024-08-31
75,DANE,Contiene los microdatos de los hogares y viviendas del territorio nacional del censo de población y vivienda realizado en 2018 correspondiente al Departamento de Sucre. El diccionario de datos de estos dataset puede consultarse en: https://microdatos.dane.gov.co/index.php/catalog/643/data-dictionary/F9?file_name=HOGARES y https://microdatos.dane.gov.co/index.php/catalog/643/data-dictionary/F8?file_name=VIVENDAS,2024-09-28,Departamento Administrativo Nacional de Estadisticas - DANE,https://microdatos.dane.gov.co/index.php/catalog/643/get_microdata,https://microdatos.dane.gov.co/index.php/catalog/643/download/12164,2018-10-01,2024-08-31
76,DANE,Contiene los microdatos de los hogares y viviendas del territorio nacional del censo de población y vivienda realizado en 2018 correspondiente al Departamento de Tolima. El diccionario de datos de estos dataset puede consultarse en: https://microdatos.dane.gov.co/index.php/catalog/643/data-dictionary/F9?file_name=HOGARES y https://microdatos.dane.gov.co/index.php/catalog/643/data-dictionary/F8?file_name=VIVENDAS,2024-09-28,Departamento Administrativo Nacional de Estadisticas - DANE,https://microdatos.dane.gov.co/index.php/catalog/643/get_microdata,https://microdatos.dane.gov.co/index.php/catalog/643/download/12165,2018-10-01,2024-08-31
77,DANE,Contiene los microdatos de los hogares y viviendas del territorio nacional del censo de población y vivienda realizado en 2018 correspondiente al Departamento de Valle del Cauca. El diccionario de datos de estos dataset puede consultarse en: https://microdatos.dane.gov.co/index.php/catalog/643/data-dictionary/F9?file_name=HOGARES y https://microdatos.dane.gov.co/index.php/catalog/643/data-dictionary/F8?file_name=VIVENDAS,2024-09-28,Departamento Administrativo Nacional de Estadisticas - DANE,https://microdatos.dane.gov.co/index.php/catalog/643/get_microdata,https://microdatos.dane.gov.co/index.php/catalog/643/download/12166,2018-10-01,2024-08-31
78,DANE,Contiene los microdatos de los hogares y viviendas del territorio nacional del censo de población y vivienda realizado en 2018 correspondiente al Departamento de Arauca. El diccionario de datos de estos dataset puede consultarse en: https://microdatos.dane.gov.co/index.php/catalog/643/data-dictionary/F9?file_name=HOGARES y https://microdatos.dane.gov.co/index.php/catalog/643/data-dictionary/F8?file_name=VIVENDAS,2024-09-28,Departamento Administrativo Nacional de Estadisticas - DANE,https://microdatos.dane.gov.co/index.php/catalog/643/get_microdata,https://microdatos.dane.gov.co/index.php/catalog/643/download/12167,2018-10-01,2024-08-31
79,DANE,Contiene los microdatos de los hogares y viviendas del territorio nacional del censo de población y vivienda realizado en 2018 correspondiente al Departamento de Casanare. El diccionario de datos de estos dataset puede consultarse en: https://microdatos.dane.gov.co/index.php/catalog/643/data-dictionary/F9?file_name=HOGARES y https://microdatos.dane.gov.co/index.php/catalog/643/data-dictionary/F8?file_name=VIVENDAS,2024-09-28,Departamento Administrativo Nacional de Estadisticas - DANE,https://microdatos.dane.gov.co/index.php/catalog/643/get_microdata,https://microdatos.dane.gov.co/index.php/catalog/643/download/12168,2018-10-01,2024-08-31
80,DANE,Contiene los microdatos de los hogares y viviendas del territorio nacional del censo de población y vivienda realizado en 2018 correspondiente al Departamento de Putumayo. El diccionario de datos de estos dataset puede consultarse en: https://microdatos.dane.gov.co/index.php/catalog/643/data-dictionary/F9?file_name=HOGARES y https://microdatos.dane.gov.co/index.php/catalog/643/data-dictionary/F8?file_name=VIVENDAS,2024-09-28,Departamento Administrativo Nacional de Estadisticas - DANE,https://microdatos.dane.gov.co/index.php/catalog/643/get_microdata,https://microdatos.dane.gov.co/index.php/catalog/643/download/12169,2018-10-01,2024-08-31
81,DANE,"Contiene los microdatos de los hogares y viviendas del territorio nacional del censo de población y vivienda realizado en 2018 correspondiente al Departamento de San Andres, Providencia y Santa Catalina. El diccionario de datos de estos dataset puede consultarse en: https://microdatos.dane.gov.co/index.php/catalog/643/data-dictionary/F9?file_name=HOGARES y https://microdatos.dane.gov.co/index.php/catalog/643/data-dictionary/F8?file_name=VIVENDAS",2024-09-28,Departamento Administrativo Nacional de Estadisticas - DANE,https://microdatos.dane.gov.co/index.php/catalog/643/get_microdata,https://microdatos.dane.gov.co/index.php/catalog/643/download/12170,2018-10-01,2024-08-31
82,DANE,Contiene los microdatos de los hogares y viviendas del territorio nacional del censo de población y vivienda realizado en 2018 correspondiente al Departamento de Amazonas. El diccionario de datos de estos dataset puede consultarse en: https://microdatos.dane.gov.co/index.php/catalog/643/data-dictionary/F9?file_name=HOGARES y https://microdatos.dane.gov.co/index.php/catalog/643/data-dictionary/F8?file_name=VIVENDAS,2024-09-28,Departamento Administrativo Nacional de Estadisticas - DANE,https://microdatos.dane.gov.co/index.php/catalog/643/get_microdata,https://microdatos.dane.gov.co/index.php/catalog/643/download/12171,2018-10-01,2024-08-31
83,DANE,Contiene los microdatos de los hogares y viviendas del territorio nacional del censo de población y vivienda realizado en 2018 correspondiente al Departamento de Guania. El diccionario de datos de estos dataset puede consultarse en: https://microdatos.dane.gov.co/index.php/catalog/643/data-dictionary/F9?file_name=HOGARES y https://microdatos.dane.gov.co/index.php/catalog/643/data-dictionary/F8?file_name=VIVENDAS,2024-09-28,Departamento Administrativo Nacional de Estadisticas - DANE,https://microdatos.dane.gov.co/index.php/catalog/643/get_microdata,https://microdatos.dane.gov.co/index.php/catalog/643/download/12172,2018-10-01,2024-08-31
84,DANE,Contiene los microdatos de los hogares y viviendas del territorio nacional del censo de población y vivienda realizado en 2018 correspondiente al Departamento de Guaviare. El diccionario de datos de estos dataset puede consultarse en: https://microdatos.dane.gov.co/index.php/catalog/643/data-dictionary/F9?file_name=HOGARES y https://microdatos.dane.gov.co/index.php/catalog/643/data-dictionary/F8?file_name=VIVENDAS,2024-09-28,Departamento Administrativo Nacional de Estadisticas - DANE,https://microdatos.dane.gov.co/index.php/catalog/643/get_microdata,https://microdatos.dane.gov.co/index.php/catalog/643/download/12173,2018-10-01,2024-08-31
85,DANE,Contiene los microdatos de los hogares y viviendas del territorio nacional del censo de población y vivienda realizado en 2018 correspondiente al Departamento de Vaupes. El diccionario de datos de estos dataset puede consultarse en: https://microdatos.dane.gov.co/index.php/catalog/643/data-dictionary/F9?file_name=HOGARES y https://microdatos.dane.gov.co/index.php/catalog/643/data-dictionary/F8?file_name=VIVENDAS,2024-09-28,Departamento Administrativo Nacional de Estadisticas - DANE,https://microdatos.dane.gov.co/index.php/catalog/643/get_microdata,https://microdatos.dane.gov.co/index.php/catalog/643/download/12174,2018-10-01,2024-08-31
86,DANE,Contiene los microdatos de los hogares y viviendas del territorio nacional del censo de población y vivienda realizado en 2018 correspondiente al Departamento de Vichada. El diccionario de datos de estos dataset puede consultarse en: https://microdatos.dane.gov.co/index.php/catalog/643/data-dictionary/F9?file_name=HOGARES y https://microdatos.dane.gov.co/index.php/catalog/643/data-dictionary/F8?file_name=VIVENDAS,2024-09-28,Departamento Administrativo Nacional de Estadisticas - DANE,https://microdatos.dane.gov.co/index.php/catalog/643/get_microdata,https://microdatos.dane.gov.co/index.php/catalog/643/download/12175,2018-10-01,2024-08-31
39,Datos abiertos de colombia,"Contiene información sobre las lesiones fatales de causa externa ocurridas en el territorio nacional Colombiano en el periodo de tiempo comprendido entre el 01 de enero de 2020 y 31 de diciembre de 2022, de los cuales tiene conocimiento y son registrados por el Instituto Nacional de Medicina Legal y Ciencias Forenses.",2024-09-22,Instituto Nacional de Medicina Legal y Ciencias Forenses,https://www.datos.gov.co/Justicia-y-Derecho/Lesiones-fatales-de-causa-externa-enero-de-2020-a-/byjr-sbsy/about_data,https://www.datos.gov.co/resource/byjr-sbsy.csv,2020-01-01,2022-12-31
40,Datos abiertos de colombia,"Contiene información sobre los homicidios ocurridos en el territorio nacional Colombiano en el periodo de tiempo comprendido entre los años 2016 y 2019, de los cuales tiene conocimiento y son registrados por el Instituto Nacional de Medicina Legal y Ciencias Forenses.",2024-09-22,Instituto Nacional de Medicina Legal y Ciencias Forenses,https://www.datos.gov.co/Justicia-y-Derecho/Homicidios-Colombia-a-os-2016-a-2019/vtub-3de2/about_data,https://www.datos.gov.co/resource/vtub-3de2.csv,2016-01-01,2019-12-31
41,Datos abiertos de colombia,"Contiene información sobre los suicidios ocurridos en el territorio nacional Colombiano en el periodo de tiempo comprendido entre los años 2016 y 2019, de los cuales tiene conocimiento y son registrados por el Instituto Nacional de Medicina Legal y Ciencias Forenses.",2024-09-22,Instituto Nacional de Medicina Legal y Ciencias Forenses,https://www.datos.gov.co/Justicia-y-Derecho/Suicidios-Colombia-a-os-2016-a-2019/f75u-mirk/about_data,https://www.datos.gov.co/resource/f75u-mirk.csv,2016-01-01,2019-12-31
43,Datos abiertos de colombia,"Contiene información sobre las muertes por accidentes de transporte ocurridas en el territorio nacional Colombiano en el periodo de tiempo comprendido entre los años 2016 y 2019, de los cuales tiene conocimiento y son registrados por el Instituto Nacional de Medicina Legal y Ciencias Forenses.",2024-09-22,Instituto Nacional de Medicina Legal y Ciencias Forenses,https://www.datos.gov.co/Justicia-y-Derecho/Muertes-por-accidentes-de-transporte-Colombia-a-os/s65h-7665/about_data,https://www.datos.gov.co/resource/s65h-7665.csv,2016-01-01,2019-12-31
46,Datos abiertos de colombia,"Contiene información sobre las lesiones accidentales ocurridas en el territorio nacional Colombiano en el periodo de tiempo comprendido entre los años 2016 y 2019, de los cuales tiene conocimiento y son registrados por el Instituto Nacional de Medicina Legal y Ciencias Forenses.",2024-09-22,Instituto Nacional de Medicina Legal y Ciencias Forenses,https://www.datos.gov.co/Justicia-y-Derecho/Lesiones-accidentales-Colombia-a-os-2016-a-2019/6cjn-eevd/about_data,https://www.datos.gov.co/resource/6cjn-eevd.csv,2016-01-01,2019-12-31
47,Datos abiertos de colombia,"Contiene información sobre los casos de violencia de pareja ocurridos en el territorio nacional Colombiano en el periodo de tiempo comprendido entre los años 2016 y 2019, de los cuales tiene conocimiento y son registrados por el Instituto Nacional de Medicina Legal y Ciencias Forenses.",2024-09-22,Instituto Nacional de Medicina Legal y Ciencias Forenses,https://www.datos.gov.co/Justicia-y-Derecho/Violencia-de-pareja-Colombia-a-os-2016-a-2019/agad-646z/about_data,https://www.datos.gov.co/resource/agad-646z.csv,2016-01-01,2019-12-31
48,Datos abiertos de colombia,"Contiene información sobre los casos de violencia intrafamiliar ocurridos en el territorio nacional Colombiano en el periodo de tiempo comprendido entre los años 2016 y 2019, de los cuales tiene conocimiento y son registrados por el Instituto Nacional de Medicina Legal y Ciencias Forenses.",2024-09-22,Instituto Nacional de Medicina Legal y Ciencias Forenses,https://www.datos.gov.co/Justicia-y-Derecho/Violencia-intrafamiliar-Colombia-a-os-2016-a-2019/ers2-kerr/about_data,https://www.datos.gov.co/resource/ers2-kerr.csv,2016-01-01,2019-12-31
49,Datos abiertos de colombia,"Contiene información sobre los casos de violencia interpersonal ocurridos en el territorio nacional Colombiano en el periodo de tiempo comprendido entre los años 2016 y 2019, de los cuales tiene conocimiento y son registrados por el Instituto Nacional de Medicina Legal y Ciencias Forenses.",2024-09-22,Instituto Nacional de Medicina Legal y Ciencias Forenses,https://www.datos.gov.co/Justicia-y-Derecho/Violencia-interpersonal-Colombia-a-os-2016-a-2019/e3xi-4zq5/about_data,https://www.datos.gov.co/resource/e3xi-4zq5.csv,2016-01-01,2019-12-31
50,Datos abiertos de colombia,"Contiene información sobre los exámenes médico legales por presunto delito sexual practicados, y cuyos hechos ocurrieron en Colombia en el periodo de tiempo comprendido entre los años 2016 y 2019, de los cuales tiene conocimiento y son registrados por el Instituto Nacional de Medicina Legal y Ciencias Forenses.",2024-09-22,Instituto Nacional de Medicina Legal y Ciencias Forenses,https://www.datos.gov.co/Justicia-y-Derecho/Ex-menes-m-dico-legales-por-presunto-delito-sexual/hyqu-diue/about_data,https://www.datos.gov.co/resource/hyqu-diue.csv,2016-01-01,2019-12-31
51,Datos abiertos de colombia,"Contiene información sobre las lesiones por accidentes de transporte ocurridas en el territorio nacional Colombiano en el periodo de tiempo comprendido entre los años 2016 y 2019, de los cuales tiene conocimiento y son registrados por el Instituto Nacional de Medicina Legal y Ciencias Forenses.",2024-09-22,Instituto Nacional de Medicina Legal y Ciencias Forenses,https://www.datos.gov.co/Justicia-y-Derecho/Lesiones-por-accidentes-de-transporte-Colombia-a-o/ezhf-hscf/about_data,https://www.datos.gov.co/resource/ezhf-hscf.csv,2016-01-01,2019-12-31
44,Datos abiertos de colombia,"Contiene información sobre las lesiones no fatales de causa externa ocurridas en el territorio nacional Colombiano en el periodo de tiempo comprendido entre el 01 de enero de 2023 al 31 de julio 2024, de los cuales tiene conocimiento y son registrados por el Instituto Nacional de Medicina Legal y Ciencias Forenses.",2024-09-22,Instituto Nacional de Medicina Legal y Ciencias Forenses,https://www.datos.gov.co/Justicia-y-Derecho/Lesiones-no-fatales-de-causa-externa-Informaci-n-p/79dd-d24f/about_data,https://www.datos.gov.co/resource/79dd-d24f.csv,2023-01-01,2024-07-31
45,Datos abiertos de colombia,"Contiene información sobre las lesiones no fatales de causa externa ocurridas en el territorio nacional Colombiano en el periodo de tiempo comprendido entre el 01 de enero de 2020 y 31 de diciembre de 2022, de los cuales tiene conocimiento y son registrados por el Instituto Nacional de Medicina Legal y Ciencias Forenses.",2024-09-22,Instituto Nacional de Medicina Legal y Ciencias Forenses,https://www.datos.gov.co/Justicia-y-Derecho/Lesiones-no-fatales-de-causa-externa-enero-de-2020/v9ng-hhuy/about_data,https://www.datos.gov.co/resource/v9ng-hhuy.csv,2020-01-01,2022-12-31
100,Datos abiertos de colombia,"Contiene microdata del Sistema de Información de Eventos de Violencia del Conflicto Armado en Colombia (SIEVCAC), que recopila datos sobre los casos de violencia del conflicto armado donde se contabilizan victimas. Este dataset contiene informacion sobre secuestros",2024-10-05,Sistema de Información de Eventos de Violencia del Conflicto Armado en Colombia (SIEVCAC),https://www.datos.gov.co/Inclusi-n-Social-y-Reconciliaci-n/Sistema-de-Informaci-n-de-Eventos-de-Violencia-del/cdw6-jexv/about_data,https://www.datos.gov.co/resource/cdw6-jexv.csv,1958-01-01,2024-04-20
101,Datos abiertos de colombia,"Contiene microdata del Sistema de Información de Eventos de Violencia del Conflicto Armado en Colombia (SIEVCAC), que recopila datos sobre los casos de violencia del conflicto armado donde se contabilizan victimas. Este dataset contiene informacion sobre asesinatos selectivos",2024-10-05,Sistema de Información de Eventos de Violencia del Conflicto Armado en Colombia (SIEVCAC),https://www.datos.gov.co/Inclusi-n-Social-y-Reconciliaci-n/Sistema-de-Informaci-n-de-Eventos-de-Violencia-del/sysu-pezb/data_preview,https://www.datos.gov.co/resource/sysu-pezb.csv,1958-01-01,2024-04-20
102,Datos abiertos de Colombia,"Contiene microdata del Sistema de Información de Eventos de Violencia del Conflicto Armado en Colombia (SIEVCAC), que recopila datos sobre los casos de violencia del conflicto armado donde se contabilizan víctimas. Este dataset contiene información sobre minas antipersona",2024-10-05,Sistema de Información de Eventos de Violencia del Conflicto Armado en Colombia (SIEVCAC),https://www.datos.gov.co/Inclusi-n-Social-y-Reconciliaci-n/Sistema-de-Informaci-n-de-Eventos-de-Violencia-del/grup-7tjb/about_data,https://www.datos.gov.co/resource/grup-7tjb.csv,1958-01-01,2024-04-20
115,Datos abiertos de colombia,"Contiene información sobre la matrícula estadística de Educación Preescolar Básica y Media de Colombia del corte 2018 al 2023.Agregado de matricula por establecimiento educativo, que contiene las variables del establecimiento (sede, zona, jornada, grado, metodología, carácter y sector CONPES) y de la matricula (edad, género y grupo étnico)",2024-10-07,Ministerio de Educacion Nacional,https://www.datos.gov.co/Educaci-n/MEN_MATRICULA_EN_EDUCACION_EN_PREESCOLAR-B-SICA-Y-/sty3-c395/about_data,https://www.datos.gov.co/resource/sty3-c395.csv,2018-01-01,2023-12-31
116,Datos abiertos de colombia,"Contiene datos anonimizados del programa Más Familias en Acción, determinando características generales de los beneficiarios, valor y tipo de incentivo recibido, con corte a 31 de julio de 2024",2024-10-09,Departamento Administrativo para la Prosperidad Social,https://www.datos.gov.co/Inclusi-n-Social-y-Reconciliaci-n/Beneficiarios-M-s-Familias-en-Acci-n/xfif-myr2/about_data,https://www.datos.gov.co/resource/xfif-myr2.csv,,2024-07-31
117,Datos abiertos de colombia,"Contiene información estadística de primera infancia a relacionada con indicadores de (EDUCACIÓN INICIAL ICBF, NIÑOS Y NIÑAS EN PREESCOLAR CON EDUCACIÓN INICIAL y NIÑOS Y NIÑAS CON EDUCACIÓN INICIAL), con un histórico desde el 2015 hasta 2023 datos oficiales definitivos.",2024-10-10,Ministerio de Educacion Nacional,https://www.datos.gov.co/Educaci-n/MEN_INDICADORES_PRIMERA_INFANCIA/3y4s-dmxy/about_data,https://www.datos.gov.co/resource/3y4s-dmxy.csv,2015-01-01,2024-08-15
118,Datos abiertos de colombia,"Contiene información estadística (indicadoares educativos) de los niveles preescolar, básica y media relacionada con indicadores sectoriales por Municipio sin atípicos, desde el 2011 hasta 2023.",2024-10-10,Ministerio de Educacion Nacional,https://www.datos.gov.co/Educaci-n/MEN_ESTADISTICAS_EN_EDUCACION_EN_PREESCOLAR-B-SICA/nudc-7mev/about_data,https://www.datos.gov.co/resource/nudc-7mev.csv,2011-01-01,2024-08-15
120,Datos abiertos de colombia,Contiene información sobre la cuantificación de las hectáreas de los cultivos de coca existentes a 31 de diciembre de cada año en el territorio nacional. Información compilada para los años 2001 al 2022.,2024-10-10,Ministerio de Justicia y del Derecho,https://www.datos.gov.co/Justicia-y-Derecho/Detecci-n-de-Cultivos-de-Coca-hect-reas-/acs4-3wgp/about_data,https://www.datos.gov.co/resource/acs4-3wgp.csv,2001-01-01,2022-12-31
119,Datos abiertos de Colombia,"Contiene el conteo de las solicitudes de restitución de tierras discriminadas por departamento, municipio y género de la Unidad de Restitución de Tierras",2024-10-10,Unidad Administrativa Especial de Gestión de Restitución de Tierras Despojadas,https://www.datos.gov.co/Agricultura-y-Desarrollo-Rural/Estad-sticas-Solicitudes-Seg-n-G-nero/779c-66kx/about_data,https://www.datos.gov.co/resource/779c-66kx.csv,,2024-10-03
121,Datos abiertos de colombia,"Contiene información de la EVA (una investigación que se realiza mediante un mecanismo subjetivo de recolección de información respecto al área, la producción y el rendimiento de la actividad agropecuaria municipal) de base pecuaria para los años 2019 al 2021, referente al inventario de las principales especies pecuarias en los municipios del país.",2024-10-10,Unidad de Planificación Rural Agropecuaria - UPRA de MinAgricultura,https://www.datos.gov.co/Agricultura-y-Desarrollo-Rural/Evaluaciones-agropecuarias-municipales-EVA-2019-20/2cjn-c46k/about_data,https://www.datos.gov.co/resource/2cjn-c46k.csv,,2024-03-26
122,Datos abiertos de colombia,Contiene la información sobre el Índice de riesgo de la calidad del agua (IRCA) por municipio del País,2024-10-07,Instituto Nacional de Salud,https://www.datos.gov.co/Salud-y-Protecci-n-Social/SIVICAP-Irca-Anual-por-Municipio-2018/nde2-wquc/about_data,https://www.datos.gov.co/resource/nde2-wquc.csv,2018-12-31,2024-04-20
123,Datos abiertos de colombia,Contiene información sobre la explotación de oro de aluvión en los municipios del país y el tipo de explotación,2024-10-11,Ministerio de Minas y Energía,https://www.datos.gov.co/Minas-y-Energ-a/Explotaci-n-de-Oro-de-Aluvi-n-EVOA-por-Municipio/g48d-yu62/about_data,https://www.datos.gov.co/resource/g48d-yu62.csv,2021-11-02,2024-04-20
124,Datos abiertos de colombia,"Contiene información sobre la cobertura móvil por tecnología, departamento y municipio por proveedor de servicio",2024-10-11,Ministerio de Tecnologías de la Información y las Comunicaciones,https://www.datos.gov.co/Ciencia-Tecnolog-a-e-Innovaci-n/Cobertura-m-vil-por-tecnolog-a-departamento-y-muni/9mey-c8s8/about_data,https://www.datos.gov.co/resource/9mey-c8s8.csv,2020-09-08,2024-09-17
126,Datos abiertos de colombia,Contiene información sobre la Identificación de la frontera agrícola y frontera agrícola condicionada en Colombia a escala 1:100.000 para diferenciar las áreas donde las actividades agropecuarias están permitidas de las áreas donde pueden ser restringidas o prohibidas de acuerdo con las condiciones impuestas por la ley o el reglamento,2024-10-12,"Unidad de Planificación de Tierras Rurales, Adecuación de Tierras y Usos Agropecuarios",https://www.datos.gov.co/Agricultura-y-Desarrollo-Rural/Identificaci-n-de-la-frontera-agr-cola-y-frontera-/fyc7-sbtz/about_data,https://www.datos.gov.co/resource/fyc7-sbtz.csv,,2024-10-08
127,DANE,Contiene las proyecciones y retroproyecciones de población municipal para el periodo 2005-2019,2024-10-13,Departamento Administrativo Nacional de Estadisticas - DANE,https://www.dane.gov.co/index.php/estadisticas-por-tema/demografia-y-poblacion/proyecciones-de-poblacion,https://www.dane.gov.co/files/censo2018/proyecciones-de-poblacion/Municipal/DCD-area-proypoblacion-Mun-2020-2035-ActPostCOVID-19.xlsx,2005-01-01,2020-12-31
128,DANE,Contiene las proyecciones y retroproyecciones de población municipal para el periodo 2020-2035 con base en el CNPV 2018,2024-10-13,Departamento Administrativo Nacional de Estadisticas - DANE,https://www.dane.gov.co/index.php/estadisticas-por-tema/demografia-y-poblacion/proyecciones-de-poblacion,https://www.dane.gov.co/files/censo2018/proyecciones-de-poblacion/Municipal/DCD-area-proypoblacion-Mun-2005-2019.xlsx,2020-01-01,2024-09-30
109,Datos abiertos de colombia,"Contiene la informacion de hogares de la base de datos del Sisbén IV, del Departamento Nacional de Planeación (DNP). Corresponden a muestras anonimizadas de las encuestas del Sisbén. El enlace a la fuente donde puede consultarse la metadata y el diccionario de datos entre otros aspectos es: https://anda.dnp.gov.co/index.php/catalog/150/datafile/F17 y otros documentos sobre el sisben IV se pueden consultar en https://www.sisben.gov.co/Paginas/documentos-sisben.html",2024-10-05,Departamento Nacional de Planeación,https://www.datos.gov.co/Estad-sticas-Nacionales/DNP-Sisb-n-Hogares/ab8a-uwf7/about_data,https://www.datos.gov.co/resource/ab8a-uwf7.csv,,2024-04-20
110,Datos abiertos de colombia,"Contiene la informacion de viviendas de la base de datos del Sisbén IV, del Departamento Nacional de Planeación (DNP). Corresponden a muestras anonimizadas de las encuestas del Sisbén. El enlace a la fuente donde puede consultarse la metadata y el diccionario de datos entre otros aspectos es: https://anda.dnp.gov.co/index.php/catalog/150/datafile/F17 y otros documentos sobre el sisben IV se pueden consultar en https://www.sisben.gov.co/Paginas/documentos-sisben.html",2024-10-05,Departamento Nacional de Planeación,https://www.datos.gov.co/Estad-sticas-Nacionales/DNP-Sisb-n-Vivienda/np8m-kdhq/about_data,https://www.datos.gov.co/resource/np8m-kdhq.csv,,2024-04-20
111,Datos abiertos de colombia,"Contiene la informacion de personas de la base de datos del Sisbén IV, del Departamento Nacional de Planeación (DNP). Corresponden a muestras anonimizadas de las encuestas del Sisbén. El enlace a la fuente donde puede consultarse la metadata y el diccionario de datos entre otros aspectos es: https://anda.dnp.gov.co/index.php/catalog/150/datafile/F17 y otros documentos sobre el sisben IV se pueden consultar en https://www.sisben.gov.co/Paginas/documentos-sisben.html",2024-10-05,Departamento Nacional de Planeación,https://www.datos.gov.co/Estad-sticas-Nacionales/DNP-Sisb-n-Personas/hq2v-5umk/about_data,https://www.datos.gov.co/resource/hq2v-5umk.csv,,2024-04-20
125,Datos abiertos de colombia,"Contiene información sobre la medición de desempeño municipal, que tiene como objetivo medir y comparar el desempeño municipal entendido como la gestión de las Entidades Territoriales y la consecución de resultados de desarrollo (el aumento de la calidad de vida de la población)",2024-10-12,Departamento Nacional de Planeación,https://www.datos.gov.co/Vivienda-Ciudad-y-Territorio/Medici-n-del-Desempe-o-Municipal/nkjx-rsq7/about_data,https://www.datos.gov.co/resource/nkjx-rsq7.csv,2022-02-21,2024-04-20
87,Datos abiertos de colombia,"Contiene microdata del Sistema de Información de Eventos de Violencia del Conflicto Armado en Colombia (SIEVCAC), que recopila datos sobre las víctimas del conflicto armado. Este dataset contiene informacion sobre desaparición forzada",2024-10-05,Sistema de Información de Eventos de Violencia del Conflicto Armado en Colombia (SIEVCAC),https://www.datos.gov.co/Inclusi-n-Social-y-Reconciliaci-n/Sistema-de-Informaci-n-de-Eventos-de-Violencia-del/c59y-p4sz/about_data,https://www.datos.gov.co/resource/c59y-p4sz.csv,1958-01-01,2024-04-20
88,Datos abiertos de colombia,"Contiene microdata del Sistema de Información de Eventos de Violencia del Conflicto Armado en Colombia (SIEVCAC), que recopila datos sobre las víctimas del conflicto armado. Este dataset contiene informacion sobre atentados terroristas",2024-10-05,Sistema de Información de Eventos de Violencia del Conflicto Armado en Colombia (SIEVCAC),https://www.datos.gov.co/Inclusi-n-Social-y-Reconciliaci-n/Sistema-de-Informaci-n-de-Eventos-de-Violencia-del/4jfs-zi6u/about_data,https://www.datos.gov.co/resource/4jfs-zi6u.csv,1958-01-01,2024-04-20
89,Datos abiertos de colombia,"Contiene microdata del Sistema de Información de Eventos de Violencia del Conflicto Armado en Colombia (SIEVCAC), que recopila datos sobre las víctimas del conflicto armado. Este dataset contiene informacion sobre secuestros",2024-10-05,Sistema de Información de Eventos de Violencia del Conflicto Armado en Colombia (SIEVCAC),https://www.datos.gov.co/Inclusi-n-Social-y-Reconciliaci-n/Sistema-de-Informaci-n-de-Eventos-de-Violencia-del/sg55-sszm/about_data,https://www.datos.gov.co/resource/sg55-sszm.csv,1958-01-01,2024-04-20
90,Datos abiertos de colombia,"Contiene microdata del Sistema de Información de Eventos de Violencia del Conflicto Armado en Colombia (SIEVCAC), que recopila datos sobre las víctimas del conflicto armado. Este dataset contiene informacion sobre asesinatos selectivos",2024-10-05,Sistema de Información de Eventos de Violencia del Conflicto Armado en Colombia (SIEVCAC),https://www.datos.gov.co/Inclusi-n-Social-y-Reconciliaci-n/Sistema-de-Informaci-n-de-Eventos-de-Violencia-del/djr9-7s3i/about_data,https://www.datos.gov.co/resource/djr9-7s3i.csv,1958-01-01,2024-04-20
91,Datos abiertos de colombia,"Contiene microdata del Sistema de Información de Eventos de Violencia del Conflicto Armado en Colombia (SIEVCAC), que recopila datos sobre las víctimas del conflicto armado. Este dataset contiene informacion sobre minas antipersona",2024-10-05,Sistema de Información de Eventos de Violencia del Conflicto Armado en Colombia (SIEVCAC),https://www.datos.gov.co/Inclusi-n-Social-y-Reconciliaci-n/Sistema-de-Informaci-n-de-Eventos-de-Violencia-del/52eu-ic7d/about_data,https://www.datos.gov.co/resource/52eu-ic7d.csv,1958-01-01,2024-04-20
92,Datos abiertos de colombia,"Contiene microdata del Sistema de Información de Eventos de Violencia del Conflicto Armado en Colombia (SIEVCAC), que recopila datos sobre las víctimas del conflicto armado. Este dataset contiene informacion sobre violencia sexual",2024-10-05,Sistema de Información de Eventos de Violencia del Conflicto Armado en Colombia (SIEVCAC),https://www.datos.gov.co/Inclusi-n-Social-y-Reconciliaci-n/Sistema-de-Informaci-n-de-Eventos-de-Violencia-del/gtg9-672t/about_data,https://www.datos.gov.co/resource/gtg9-672t.csv,1958-01-01,2024-04-20
93,Datos abiertos de colombia,"Contiene microdata del Sistema de Información de Eventos de Violencia del Conflicto Armado en Colombia (SIEVCAC), que recopila datos sobre las víctimas del conflicto armado. Este dataset contiene informacion sobre daños a bienes civiles",2024-10-05,Sistema de Información de Eventos de Violencia del Conflicto Armado en Colombia (SIEVCAC),https://www.datos.gov.co/Inclusi-n-Social-y-Reconciliaci-n/Sistema-de-Informaci-n-de-Eventos-de-Violencia-del/a2ga-ur2i/about_data,https://www.datos.gov.co/resource/a2ga-ur2i.csv,1958-01-01,2024-04-20
94,Datos abiertos de colombia,"Contiene microdata del Sistema de Información de Eventos de Violencia del Conflicto Armado en Colombia (SIEVCAC), que recopila datos sobre las víctimas del conflicto armado. Este dataset contiene informacion sobre masacres",2024-10-05,Sistema de Información de Eventos de Violencia del Conflicto Armado en Colombia (SIEVCAC),https://www.datos.gov.co/Inclusi-n-Social-y-Reconciliaci-n/Sistema-de-Informaci-n-de-Eventos-de-Violencia-del/cj8q-zu3u/about_data,https://www.datos.gov.co/resource/cj8q-zu3u.csv,1958-01-01,2024-04-20
95,Datos abiertos de colombia,"Contiene microdata del Sistema de Información de Eventos de Violencia del Conflicto Armado en Colombia (SIEVCAC), que recopila datos sobre las víctimas del conflicto armado. Este dataset contiene informacion sobre acciones belicas",2024-10-05,Sistema de Información de Eventos de Violencia del Conflicto Armado en Colombia (SIEVCAC),https://www.datos.gov.co/Inclusi-n-Social-y-Reconciliaci-n/Sistema-de-Informaci-n-de-Eventos-de-Violencia-del/chb6-bfmq/about_data,https://www.datos.gov.co/resource/chb6-bfmq.csv,1958-01-01,2024-04-20
96,Datos abiertos de colombia,"Contiene microdata del Sistema de Información de Eventos de Violencia del Conflicto Armado en Colombia (SIEVCAC), que recopila datos sobre las víctimas del conflicto armado. Este dataset contiene informacion sobre ataques a poblados",2024-10-05,Sistema de Información de Eventos de Violencia del Conflicto Armado en Colombia (SIEVCAC),https://www.datos.gov.co/Inclusi-n-Social-y-Reconciliaci-n/Sistema-de-Informaci-n-de-Eventos-de-Violencia-del/g3r2-mc68/about_data,https://www.datos.gov.co/resource/g3r2-mc68.csv,1958-01-01,2024-04-20
97,Datos abiertos de colombia,"Contiene microdata del Sistema de Información de Eventos de Violencia del Conflicto Armado en Colombia (SIEVCAC), que recopila datos sobre las víctimas del conflicto armado. Este dataset contiene informacion sobre reclutamiento de ninos",2024-10-05,Sistema de Información de Eventos de Violencia del Conflicto Armado en Colombia (SIEVCAC),https://www.datos.gov.co/Inclusi-n-Social-y-Reconciliaci-n/Sistema-de-Informaci-n-de-Eventos-de-Violencia-del/fc55-h9nc/about_data,https://www.datos.gov.co/resource/fc55-h9nc.csv,1958-01-01,2024-04-20
98,Datos abiertos de colombia,"Contiene microdata del Sistema de Información de Eventos de Violencia del Conflicto Armado en Colombia (SIEVCAC), que recopila datos sobre los casos de violencia del conflicto armado donde se contabilizan victimas. Este dataset contiene informacion sobre desaparición forzada",2024-10-05,Sistema de Información de Eventos de Violencia del Conflicto Armado en Colombia (SIEVCAC),https://www.datos.gov.co/Inclusi-n-Social-y-Reconciliaci-n/Sistema-de-Informaci-n-de-Eventos-de-Violencia-del/9r7i-ek3s/about_data,https://www.datos.gov.co/resource/9r7i-ek3s.csv,1958-01-01,2024-04-20
99,Datos abiertos de colombia,"Contiene microdata del Sistema de Información de Eventos de Violencia del Conflicto Armado en Colombia (SIEVCAC), que recopila datos sobre los casos de violencia del conflicto armado donde se contabilizan victimas. Este dataset contiene informacion sobre atentados terroristas",2024-10-05,Sistema de Información de Eventos de Violencia del Conflicto Armado en Colombia (SIEVCAC),https://www.datos.gov.co/Inclusi-n-Social-y-Reconciliaci-n/Sistema-de-Informaci-n-de-Eventos-de-Violencia-del/yfd7-8c9d/about_data,https://www.datos.gov.co/resource/yfd7-8c9d.csv,1958-01-01,2024-04-20
103,Datos abiertos de Colombia,"Contiene microdata del Sistema de Información de Eventos de Violencia del Conflicto Armado en Colombia (SIEVCAC), que recopila datos sobre los casos de violencia del conflicto armado donde se contabilizan víctimas. Este dataset contiene información sobre violencia sexual",2024-10-05,Sistema de Información de Eventos de Violencia del Conflicto Armado en Colombia (SIEVCAC),https://www.datos.gov.co/Inclusi-n-Social-y-Reconciliaci-n/Sistema-de-Informaci-n-de-Eventos-de-Violencia-del/k9qg-2svz/about_data,https://www.datos.gov.co/resource/k9qg-2svz.csv,1958-01-01,2024-04-20
104,Datos abiertos de Colombia,"Contiene microdata del Sistema de Información de Eventos de Violencia del Conflicto Armado en Colombia (SIEVCAC), que recopila datos sobre los casos de violencia del conflicto armado donde se contabilizan víctimas. Este dataset contiene información sobre daños a bienes civiles",2024-10-05,Sistema de Información de Eventos de Violencia del Conflicto Armado en Colombia (SIEVCAC),https://www.datos.gov.co/Inclusi-n-Social-y-Reconciliaci-n/Sistema-de-Informaci-n-de-Eventos-de-Violencia-del/x27p-cm5t/about_data,https://www.datos.gov.co/resource/x27p-cm5t.csv,1958-01-01,2024-04-20
105,Datos abiertos de Colombia,"Contiene microdata del Sistema de Información de Eventos de Violencia del Conflicto Armado en Colombia (SIEVCAC), que recopila datos sobre los casos de violencia del conflicto armado donde se contabilizan víctimas. Este dataset contiene información sobre masacres",2024-10-05,Sistema de Información de Eventos de Violencia del Conflicto Armado en Colombia (SIEVCAC),https://www.datos.gov.co/Inclusi-n-Social-y-Reconciliaci-n/Sistema-de-Informaci-n-de-Eventos-de-Violencia-del/d78j-f66e/about_data,https://www.datos.gov.co/resource/d78j-f66e.csv,1958-01-01,2024-04-20
106,Datos abiertos de Colombia,"Contiene microdata del Sistema de Información de Eventos de Violencia del Conflicto Armado en Colombia (SIEVCAC), que recopila datos sobre los casos de violencia del conflicto armado donde se contabilizan víctimas. Este dataset contiene información sobre acciones bélicas",2024-10-05,Sistema de Información de Eventos de Violencia del Conflicto Armado en Colombia (SIEVCAC),https://www.datos.gov.co/Inclusi-n-Social-y-Reconciliaci-n/Sistema-de-Informaci-n-de-Eventos-de-Violencia-del/39qq-a72j/about_data,https://www.datos.gov.co/resource/39qq-a72j.csv,1958-01-01,2024-04-20
107,Datos abiertos de Colombia,"Contiene microdata del Sistema de Información de Eventos de Violencia del Conflicto Armado en Colombia (SIEVCAC), que recopila datos sobre los casos de violencia del conflicto armado donde se contabilizan víctimas. Este dataset contiene información sobre ataques a poblados",2024-10-05,Sistema de Información de Eventos de Violencia del Conflicto Armado en Colombia (SIEVCAC),https://www.datos.gov.co/Inclusi-n-Social-y-Reconciliaci-n/Sistema-de-Informaci-n-de-Eventos-de-Violencia-del/3xsy-8xcp/about_data,https://www.datos.gov.co/resource/3xsy-8xcp.csv,1958-01-01,2024-04-20
108,Datos abiertos de Colombia,"Contiene microdata del Sistema de Información de Eventos de Violencia del Conflicto Armado en Colombia (SIEVCAC), que recopila datos sobre los casos de violencia del conflicto armado donde se contabilizan víctimas. Este dataset contiene información sobre reclutamiento de niños",2024-10-05,Sistema de Información de Eventos de Violencia del Conflicto Armado en Colombia (SIEVCAC),https://www.datos.gov.co/Inclusi-n-Social-y-Reconciliaci-n/Sistema-de-Informaci-n-de-Eventos-de-Violencia-del/hzd2-7ea7/about_data,https://www.datos.gov.co/resource/hzd2-7ea7.csv,1958-01-01,2024-04-20
